-- Script was generated by Devart dbForge Studio for MySQL, Version 5.0.50.0
-- Product home page: http://www.devart.com/dbforge/mysql/studio
-- Script date 07/01/2016 14:48:13
-- Server version: 5.6.20
-- Client version: 4.1

CREATE TABLE IF NOT EXISTS ad_client(
  id_client VARCHAR(32) NOT NULL COMMENT 'Client identifier',
  created DATETIME NOT NULL COMMENT 'Creation date',
  updated DATETIME NOT NULL COMMENT 'Last update date',
  active BIT(1) NOT NULL COMMENT 'Active row',
  name VARCHAR(100) NOT NULL COMMENT 'Name',
  description VARCHAR(250) DEFAULT NULL COMMENT 'Description',
  email VARCHAR(150) DEFAULT NULL COMMENT 'Client email',
  smtp_host VARCHAR(100) DEFAULT NULL COMMENT 'Email configuration: SMTP Host',
  smtp_port INT(10) DEFAULT NULL COMMENT 'Email configuration: SMTP port',
  smtp_ssl BIT(1) DEFAULT NULL COMMENT 'Email configuration: Use SSL',
  smtp_user VARCHAR(45) DEFAULT NULL COMMENT 'Email configuration: SMTP User',
  smtp_password VARCHAR(20) DEFAULT NULL COMMENT 'Email configuration: SMTP password',
  PRIMARY KEY (id_client)
)
ENGINE = INNODB
AVG_ROW_LENGTH = 8192
CHARACTER SET utf8;

CREATE TABLE IF NOT EXISTS ad_language(
  id_language VARCHAR(32) NOT NULL,
  id_client VARCHAR(32) NOT NULL COMMENT 'Client identifier',
  created DATETIME NOT NULL COMMENT 'Creation date',
  updated DATETIME NOT NULL COMMENT 'Last update date',
  active BIT(1) NOT NULL COMMENT 'Active row',
  name VARCHAR(100) NOT NULL COMMENT 'Name',
  iso_2 VARCHAR(2) DEFAULT NULL COMMENT 'ISO code (2 character)',
  logo VARCHAR(45) DEFAULT NULL COMMENT 'Language logo',
  countrycode VARCHAR(2) NOT NULL COMMENT 'country code',
  PRIMARY KEY (id_language),
  INDEX FK_ad_language_ad_client_id_client (id_client),
  CONSTRAINT FK_ad_language_ad_client_id_client FOREIGN KEY (id_client)
  REFERENCES ad_client (id_client) ON DELETE RESTRICT ON UPDATE RESTRICT
)
ENGINE = INNODB
AVG_ROW_LENGTH = 8192
CHARACTER SET utf8;

CREATE TABLE IF NOT EXISTS ad_module(
  id_module VARCHAR(32) NOT NULL COMMENT 'Module identifier',
  id_client VARCHAR(32) NOT NULL COMMENT 'Client identifier',
  created DATETIME NOT NULL COMMENT 'Creation date',
  updated DATETIME NOT NULL COMMENT 'Last update date',
  active BIT(1) NOT NULL COMMENT 'Active row',
  name VARCHAR(100) NOT NULL COMMENT 'Name',
  description VARCHAR(250) DEFAULT NULL COMMENT 'Description',
  java_package VARCHAR(150) NOT NULL COMMENT 'Module java package',
  version VARCHAR(10) NOT NULL COMMENT 'Module version',
  indevelopment BIT(1) NOT NULL COMMENT 'Module is under develoment',
  rest_path VARCHAR(30) DEFAULT NULL COMMENT 'Module Restful prefix',
  dbprefix VARCHAR(32) DEFAULT NULL COMMENT 'Module database prefix',
  PRIMARY KEY (id_module),
  INDEX FK_ad_module_ad_client_id_client (id_client),
  CONSTRAINT FK_ad_module_ad_client_id_client FOREIGN KEY (id_client)
  REFERENCES ad_client (id_client) ON DELETE RESTRICT ON UPDATE RESTRICT
)
ENGINE = INNODB
CHARACTER SET utf8;

CREATE TABLE IF NOT EXISTS ad_role(
  id_role VARCHAR(32) NOT NULL COMMENT 'Role identifier',
  id_client VARCHAR(32) NOT NULL COMMENT 'Client identifier',
  created DATETIME NOT NULL COMMENT 'Creation date',
  updated DATETIME NOT NULL COMMENT 'Last update date',
  active BIT(1) NOT NULL COMMENT 'Active row',
  name VARCHAR(100) NOT NULL COMMENT 'Name',
  description VARCHAR(150) NOT NULL COMMENT 'Description',
  PRIMARY KEY (id_role),
  INDEX FK_ad_role_ad_client_id_client (id_client),
  CONSTRAINT FK_ad_role_ad_client_id_client FOREIGN KEY (id_client)
  REFERENCES ad_client (id_client) ON DELETE RESTRICT ON UPDATE RESTRICT
)
ENGINE = INNODB
AVG_ROW_LENGTH = 8192
CHARACTER SET utf8;

CREATE TABLE IF NOT EXISTS ad_sequence(
  id_secuence VARCHAR(32) NOT NULL COMMENT 'Sequence identifier',
  id_client VARCHAR(32) NOT NULL COMMENT 'Client identifier',
  created DATETIME NOT NULL COMMENT 'Creation date',
  updated DATETIME NOT NULL COMMENT 'Last update date',
  active BIT(1) NOT NULL COMMENT 'Active row',
  name VARCHAR(100) NOT NULL COMMENT 'Name',
  description VARCHAR(250) DEFAULT NULL COMMENT 'Description',
  incrementno INT(10) NOT NULL COMMENT 'Increment by',
  startno INT(10) NOT NULL COMMENT 'Start sequence number',
  currentnext INT(10) NOT NULL COMMENT 'Current sequence value',
  prefix VARCHAR(10) DEFAULT NULL COMMENT 'Sequence prefix',
  suffix VARCHAR(10) DEFAULT NULL COMMENT 'Sequence suffix',
  PRIMARY KEY (id_secuence),
  INDEX FK_ad_sequence_ad_client_id_client (id_client),
  CONSTRAINT FK_ad_sequence_ad_client_id_client FOREIGN KEY (id_client)
  REFERENCES ad_client (id_client) ON DELETE RESTRICT ON UPDATE RESTRICT
)
ENGINE = INNODB
CHARACTER SET utf8;

CREATE TABLE IF NOT EXISTS ad_client_module(
  id_client_module VARCHAR(32) NOT NULL COMMENT 'Client module identifier',
  id_client VARCHAR(32) NOT NULL COMMENT 'Client identifier',
  id_module VARCHAR(32) NOT NULL COMMENT 'Module identifier',
  created DATETIME NOT NULL COMMENT 'Creation date',
  updated DATETIME NOT NULL COMMENT 'Last update date',
  active BIT(1) NOT NULL COMMENT 'Active row',
  PRIMARY KEY (id_client_module),
  INDEX FK_ad_client_module_ad_client_id_client (id_client),
  INDEX FK_ad_client_module_ad_module_id_module (id_module),
  CONSTRAINT FK_ad_client_module_ad_client_id_client FOREIGN KEY (id_client)
  REFERENCES ad_client (id_client) ON DELETE RESTRICT ON UPDATE RESTRICT,
  CONSTRAINT FK_ad_client_module_ad_module_id_module FOREIGN KEY (id_module)
  REFERENCES ad_module (id_module) ON DELETE RESTRICT ON UPDATE RESTRICT
)
ENGINE = INNODB
CHARACTER SET utf8;

CREATE TABLE IF NOT EXISTS ad_field_group(
  id_field_group VARCHAR(32) NOT NULL COMMENT 'Group field identifier',
  id_client VARCHAR(32) NOT NULL COMMENT 'Client identifier',
  id_module VARCHAR(32) NOT NULL COMMENT 'Module identifier',
  created DATETIME NOT NULL COMMENT 'Creation date',
  updated DATETIME NOT NULL COMMENT 'Last update date',
  active BIT(1) NOT NULL COMMENT 'Active row',
  name VARCHAR(100) NOT NULL COMMENT 'Name',
  collapsed BIT(1) NOT NULL COMMENT 'Show initially collapsed',
  PRIMARY KEY (id_field_group),
  INDEX FK_ad_field_group_ad_client_id_client (id_client),
  INDEX FK_ad_field_group_ad_module_id_module (id_module),
  CONSTRAINT FK_ad_field_group_ad_client_id_client FOREIGN KEY (id_client)
  REFERENCES ad_client (id_client) ON DELETE RESTRICT ON UPDATE RESTRICT,
  CONSTRAINT FK_ad_field_group_ad_module_id_module FOREIGN KEY (id_module)
  REFERENCES ad_module (id_module) ON DELETE RESTRICT ON UPDATE RESTRICT
)
ENGINE = INNODB
AVG_ROW_LENGTH = 4096
CHARACTER SET utf8;

CREATE TABLE IF NOT EXISTS ad_message(
  id_message VARCHAR(32) NOT NULL COMMENT 'Message identifier',
  id_client VARCHAR(32) NOT NULL COMMENT 'Client identifier',
  id_module VARCHAR(32) NOT NULL COMMENT 'Module identifier',
  created DATETIME NOT NULL COMMENT 'Creation date',
  updated DATETIME NOT NULL COMMENT 'Last update date',
  active BIT(1) NOT NULL COMMENT 'Active row',
  value VARCHAR(60) NOT NULL COMMENT 'Message search key',
  msgtext VARCHAR(255) NOT NULL COMMENT 'Message text',
  PRIMARY KEY (id_message),
  INDEX FK_ad_message_ad_client_id_client (id_client),
  INDEX FK_ad_message_ad_module_id_module (id_module),
  CONSTRAINT FK_ad_message_ad_client_id_client FOREIGN KEY (id_client)
  REFERENCES ad_client (id_client) ON DELETE RESTRICT ON UPDATE RESTRICT,
  CONSTRAINT FK_ad_message_ad_module_id_module FOREIGN KEY (id_module)
  REFERENCES ad_module (id_module) ON DELETE RESTRICT ON UPDATE RESTRICT
)
ENGINE = INNODB
AVG_ROW_LENGTH = 496
CHARACTER SET utf8;

CREATE TABLE IF NOT EXISTS ad_params(
  id_param VARCHAR(32) NOT NULL COMMENT 'Parameter identifier',
  id_client VARCHAR(32) NOT NULL COMMENT 'Client identifier',
  id_module VARCHAR(32) NOT NULL COMMENT 'Module identifier',
  created DATETIME NOT NULL COMMENT 'Creation date',
  updated DATETIME NOT NULL COMMENT 'Last update date',
  active BIT(1) NOT NULL COMMENT 'Active row',
  name VARCHAR(100) NOT NULL COMMENT 'Name',
  ptype VARCHAR(50) NOT NULL COMMENT 'Parameter type',
  value TEXT NOT NULL COMMENT 'Value',
  description VARCHAR(150) DEFAULT NULL COMMENT 'Description',
  PRIMARY KEY (id_param),
  INDEX FK_ad_params_ad_client_id_client (id_client),
  INDEX FK_ad_params_ad_module_id_module (id_module),
  CONSTRAINT FK_ad_params_ad_client_id_client FOREIGN KEY (id_client)
  REFERENCES ad_client (id_client) ON DELETE RESTRICT ON UPDATE RESTRICT,
  CONSTRAINT FK_ad_params_ad_module_id_module FOREIGN KEY (id_module)
  REFERENCES ad_module (id_module) ON DELETE RESTRICT ON UPDATE RESTRICT
)
ENGINE = INNODB
AVG_ROW_LENGTH = 8192
CHARACTER SET utf8;

CREATE TABLE IF NOT EXISTS ad_privilege(
  id_privilege VARCHAR(32) NOT NULL COMMENT 'Privilege identifier',
  id_client VARCHAR(32) NOT NULL COMMENT 'Client identifier',
  id_module VARCHAR(32) NOT NULL COMMENT 'Module identifier',
  created DATETIME NOT NULL COMMENT 'Creation date',
  updated DATETIME NOT NULL COMMENT 'Last update date',
  active BIT(1) NOT NULL COMMENT 'Active row',
  name VARCHAR(100) NOT NULL COMMENT 'Name',
  description VARCHAR(250) NOT NULL COMMENT 'Description',
  PRIMARY KEY (id_privilege),
  INDEX FK_ad_privilege_ad_client_id_client (id_client),
  INDEX FK_ad_privilege_ad_module_id_module (id_module),
  CONSTRAINT FK_ad_privilege_ad_client_id_client FOREIGN KEY (id_client)
  REFERENCES ad_client (id_client) ON DELETE RESTRICT ON UPDATE RESTRICT,
  CONSTRAINT FK_ad_privilege_ad_module_id_module FOREIGN KEY (id_module)
  REFERENCES ad_module (id_module) ON DELETE RESTRICT ON UPDATE RESTRICT
)
ENGINE = INNODB
AVG_ROW_LENGTH = 4096
CHARACTER SET utf8;

CREATE TABLE IF NOT EXISTS ad_process(
  id_process VARCHAR(32) NOT NULL COMMENT 'Process identifier',
  id_client VARCHAR(32) NOT NULL COMMENT 'Client identifier',
  id_module VARCHAR(32) NOT NULL COMMENT 'Module identifier',
  created DATETIME NOT NULL COMMENT 'Creation date',
  updated DATETIME NOT NULL COMMENT 'Last update date',
  active BIT(1) NOT NULL COMMENT 'Active row',
  name VARCHAR(100) NOT NULL COMMENT 'Name',
  description VARCHAR(250) DEFAULT NULL COMMENT 'Description',
  ptype VARCHAR(50) NOT NULL COMMENT 'Process type',
  classname VARCHAR(150) DEFAULT NULL COMMENT 'Full qualify name of process class',
  classmethod VARCHAR(60) DEFAULT NULL COMMENT 'Process implementation method ',
  background BIT(1) NOT NULL COMMENT 'Is backgroup process',
  uipattern VARCHAR(50) NOT NULL COMMENT 'Process user interface pattern',
  jrxml VARCHAR(150) DEFAULT NULL COMMENT 'Jasperreport: Main JRXML',
  jrxml_excel VARCHAR(150) DEFAULT NULL COMMENT 'Jasperreport: Excel JRXML',
  jrxml_word VARCHAR(150) DEFAULT NULL COMMENT 'Jasperreport: Word JRXML',
  pdf BIT(1) DEFAULT NULL COMMENT 'Jasperreport: Export to PDF',
  excel BIT(1) DEFAULT NULL COMMENT 'Jasperreport: Export to Excel',
  html BIT(1) DEFAULT NULL COMMENT 'Jasperreport: Export to HTML',
  word BIT(1) DEFAULT NULL COMMENT 'Jasperreport: Export to Word',
  seqno INT(10) DEFAULT NULL COMMENT 'Sequence number (Order)',
  showinparams BIT(1) NOT NULL COMMENT 'Show input parameters',
  PRIMARY KEY (id_process),
  INDEX FK_ad_process_ad_client_id_client (id_client),
  INDEX FK_ad_process_ad_module_id_module (id_module),
  CONSTRAINT FK_ad_process_ad_client_id_client FOREIGN KEY (id_client)
  REFERENCES ad_client (id_client) ON DELETE RESTRICT ON UPDATE RESTRICT,
  CONSTRAINT FK_ad_process_ad_module_id_module FOREIGN KEY (id_module)
  REFERENCES ad_module (id_module) ON DELETE RESTRICT ON UPDATE RESTRICT
)
ENGINE = INNODB
AVG_ROW_LENGTH = 2340
CHARACTER SET utf8;

CREATE TABLE IF NOT EXISTS ad_reference(
  id_reference VARCHAR(32) NOT NULL COMMENT 'Reference identifier',
  id_client VARCHAR(32) NOT NULL COMMENT 'Client identifier',
  id_module VARCHAR(32) NOT NULL COMMENT 'Module identifier',
  created DATETIME NOT NULL COMMENT 'Creation date',
  updated DATETIME NOT NULL COMMENT 'Last update date',
  active BIT(1) NOT NULL COMMENT 'Active row',
  name VARCHAR(100) NOT NULL COMMENT 'Name',
  rtype VARCHAR(50) NOT NULL COMMENT 'Reference type',
  base BIT(1) NOT NULL COMMENT 'Is a base reference (implemented in FW)',
  PRIMARY KEY (id_reference),
  INDEX FK_ad_reference_ad_client_id_client (id_client),
  INDEX FK_ad_reference_ad_module_id_module (id_module),
  CONSTRAINT FK_ad_reference_ad_client_id_client FOREIGN KEY (id_client)
  REFERENCES ad_client (id_client) ON DELETE RESTRICT ON UPDATE RESTRICT,
  CONSTRAINT FK_ad_reference_ad_module_id_module FOREIGN KEY (id_module)
  REFERENCES ad_module (id_module) ON DELETE RESTRICT ON UPDATE RESTRICT
)
ENGINE = INNODB
AVG_ROW_LENGTH = 287
CHARACTER SET utf8;

CREATE TABLE IF NOT EXISTS ad_user(
  id_user VARCHAR(32) NOT NULL COMMENT 'User identifier',
  id_client VARCHAR(32) NOT NULL COMMENT 'Client identifier',
  created DATETIME NOT NULL COMMENT 'Creation date',
  updated DATETIME NOT NULL COMMENT 'Last update date',
  active BIT(1) NOT NULL COMMENT 'Active row',
  name VARCHAR(100) NOT NULL COMMENT 'Name',
  username VARCHAR(20) NOT NULL COMMENT 'User name (login)',
  `password` VARCHAR(45) DEFAULT NULL COMMENT 'User password',
  phone VARCHAR(45) DEFAULT NULL COMMENT 'Phone number',
  phone_mobile VARCHAR(45) DEFAULT NULL COMMENT 'Mobile phone number',
  email VARCHAR(150) DEFAULT NULL COMMENT 'Email address',
  fax VARCHAR(45) DEFAULT NULL COMMENT 'Fax number',
  default_id_language VARCHAR(32) NOT NULL COMMENT 'Default language identifier',
  default_id_role VARCHAR(32) NOT NULL COMMENT 'Default role identifier',
  PRIMARY KEY (id_user),
  INDEX FK_ad_user_ad_client_id_client (id_client),
  INDEX FK_ad_user_ad_language_id_language (default_id_language),
  INDEX FK_ad_user_ad_role_id_role (default_id_role),
  CONSTRAINT FK_ad_user_ad_client_id_client FOREIGN KEY (id_client)
  REFERENCES ad_client (id_client) ON DELETE RESTRICT ON UPDATE RESTRICT,
  CONSTRAINT FK_ad_user_ad_language_id_language FOREIGN KEY (default_id_language)
  REFERENCES ad_language (id_language) ON DELETE RESTRICT ON UPDATE RESTRICT,
  CONSTRAINT FK_ad_user_ad_role_id_role FOREIGN KEY (default_id_role)
  REFERENCES ad_role (id_role) ON DELETE RESTRICT ON UPDATE RESTRICT
)
ENGINE = INNODB
AVG_ROW_LENGTH = 4096
CHARACTER SET utf8;

CREATE TABLE IF NOT EXISTS ad_val_rule(
  id_val_rule VARCHAR(32) NOT NULL COMMENT 'Validation rule identifier',
  id_client VARCHAR(32) NOT NULL COMMENT 'Client identifier',
  id_module VARCHAR(32) NOT NULL COMMENT 'Module identifier',
  created DATETIME NOT NULL COMMENT 'Creation date',
  updated DATETIME NOT NULL COMMENT 'Last update date',
  active BIT(1) NOT NULL COMMENT 'Active row',
  name VARCHAR(100) NOT NULL COMMENT 'Name',
  description VARCHAR(250) DEFAULT NULL COMMENT 'Description',
  vtype VARCHAR(50) NOT NULL COMMENT 'Validation rule type',
  code VARCHAR(250) DEFAULT NULL COMMENT 'Validation code',
  errormsg VARCHAR(250) DEFAULT NULL COMMENT 'Error message',
  classname VARCHAR(150) DEFAULT NULL COMMENT 'Validation class',
  PRIMARY KEY (id_val_rule),
  INDEX FK_ad_val_rule_ad_client_id_client (id_client),
  INDEX FK_ad_val_rule_ad_module_id_module (id_module),
  CONSTRAINT FK_ad_val_rule_ad_client_id_client FOREIGN KEY (id_client)
  REFERENCES ad_client (id_client) ON DELETE RESTRICT ON UPDATE RESTRICT,
  CONSTRAINT FK_ad_val_rule_ad_module_id_module FOREIGN KEY (id_module)
  REFERENCES ad_module (id_module) ON DELETE RESTRICT ON UPDATE RESTRICT
)
ENGINE = INNODB
AVG_ROW_LENGTH = 2730
CHARACTER SET utf8;

CREATE TABLE IF NOT EXISTS ad_window(
  id_window VARCHAR(32) NOT NULL COMMENT 'Window identifier',
  id_client VARCHAR(32) NOT NULL COMMENT 'Client identifier',
  id_module VARCHAR(32) NOT NULL COMMENT 'Module identifier',
  created DATETIME NOT NULL COMMENT 'Creation date',
  updated DATETIME NOT NULL COMMENT 'Last update date',
  active BIT(1) NOT NULL COMMENT 'Active row',
  name VARCHAR(100) NOT NULL COMMENT 'Name',
  wtype VARCHAR(20) NOT NULL COMMENT 'window type',
  PRIMARY KEY (id_window),
  INDEX FK_ad_window_ad_client_id_client (id_client),
  INDEX FK_ad_window_ad_module_id_module (id_module),
  CONSTRAINT FK_ad_window_ad_client_id_client FOREIGN KEY (id_client)
  REFERENCES ad_client (id_client) ON DELETE RESTRICT ON UPDATE RESTRICT,
  CONSTRAINT FK_ad_window_ad_module_id_module FOREIGN KEY (id_module)
  REFERENCES ad_module (id_module) ON DELETE RESTRICT ON UPDATE RESTRICT
)
ENGINE = INNODB
AVG_ROW_LENGTH = 1024
CHARACTER SET utf8;

CREATE TABLE IF NOT EXISTS ad_menu(
  id_menu VARCHAR(32) NOT NULL COMMENT 'Menu identifier',
  id_client VARCHAR(32) NOT NULL COMMENT 'Client identifier',
  id_module VARCHAR(32) NOT NULL COMMENT 'Module identifier',
  created DATETIME NOT NULL COMMENT 'Creation date',
  updated DATETIME NOT NULL COMMENT 'Last update date',
  active BIT(1) NOT NULL COMMENT 'Active row',
  value VARCHAR(45) NOT NULL COMMENT 'Menu search key',
  name VARCHAR(100) NOT NULL COMMENT 'Name',
  `action` VARCHAR(50) NOT NULL COMMENT 'Menu action',
  parent_menu VARCHAR(32) DEFAULT NULL COMMENT 'Parent menu search key',
  icon VARCHAR(100) DEFAULT NULL COMMENT 'Menu icon',
  seqno INT(10) DEFAULT NULL COMMENT 'Sequence number (Order)',
  id_window VARCHAR(32) DEFAULT NULL COMMENT 'Window identifier',
  id_process VARCHAR(32) DEFAULT NULL COMMENT 'Process identifier',
  manual_command VARCHAR(60) DEFAULT NULL COMMENT 'Angular manual command',
  PRIMARY KEY (id_menu),
  INDEX FK_ad_menu_ad_client_id_client (id_client),
  INDEX FK_ad_menu_ad_module_id_module (id_module),
  INDEX FK_ad_menu_ad_process_id_process (id_process),
  INDEX FK_ad_menu_ad_window_id_window (id_window),
  CONSTRAINT FK_ad_menu_ad_client_id_client FOREIGN KEY (id_client)
  REFERENCES ad_client (id_client) ON DELETE RESTRICT ON UPDATE RESTRICT,
  CONSTRAINT FK_ad_menu_ad_module_id_module FOREIGN KEY (id_module)
  REFERENCES ad_module (id_module) ON DELETE RESTRICT ON UPDATE RESTRICT,
  CONSTRAINT FK_ad_menu_ad_process_id_process FOREIGN KEY (id_process)
  REFERENCES ad_process (id_process) ON DELETE SET NULL ON UPDATE RESTRICT,
  CONSTRAINT FK_ad_menu_ad_window_id_window FOREIGN KEY (id_window)
  REFERENCES ad_window (id_window) ON DELETE SET NULL ON UPDATE RESTRICT
)
ENGINE = INNODB
AVG_ROW_LENGTH = 712
CHARACTER SET utf8;

CREATE TABLE IF NOT EXISTS ad_preference(
  id_preference VARCHAR(32) NOT NULL COMMENT 'Reference identifier',
  id_client VARCHAR(32) NOT NULL COMMENT 'Client identifier',
  id_module VARCHAR(32) NOT NULL COMMENT 'Module identifier',
  created DATETIME NOT NULL COMMENT 'Creation date',
  updated DATETIME NOT NULL COMMENT 'Last update date',
  active BIT(1) NOT NULL COMMENT 'Active row',
  name VARCHAR(100) NOT NULL COMMENT 'Name',
  value VARCHAR(250) DEFAULT NULL COMMENT 'Preference value',
  property VARCHAR(60) DEFAULT NULL COMMENT 'Preference property',
  visibleat_id_client VARCHAR(32) DEFAULT NULL COMMENT 'Visible for client',
  visibleat_id_role VARCHAR(32) DEFAULT NULL COMMENT 'Visible for role',
  visibleat_id_user VARCHAR(32) DEFAULT NULL COMMENT 'Visible for user',
  PRIMARY KEY (id_preference),
  INDEX FK_ad_preference_ad_client_AT_id_client (visibleat_id_client),
  INDEX FK_ad_preference_ad_client_id_client (id_client),
  INDEX FK_ad_preference_ad_module_id_module (id_module),
  INDEX FK_ad_preference_ad_role_id_role (visibleat_id_role),
  INDEX FK_ad_preference_ad_user_id_user (visibleat_id_user),
  CONSTRAINT FK_ad_preference_ad_client_AT_id_client FOREIGN KEY (visibleat_id_client)
  REFERENCES ad_client (id_client) ON DELETE RESTRICT ON UPDATE RESTRICT,
  CONSTRAINT FK_ad_preference_ad_client_id_client FOREIGN KEY (id_client)
  REFERENCES ad_client (id_client) ON DELETE RESTRICT ON UPDATE RESTRICT,
  CONSTRAINT FK_ad_preference_ad_module_id_module FOREIGN KEY (id_module)
  REFERENCES ad_module (id_module) ON DELETE RESTRICT ON UPDATE RESTRICT,
  CONSTRAINT FK_ad_preference_ad_role_id_role FOREIGN KEY (visibleat_id_role)
  REFERENCES ad_role (id_role) ON DELETE RESTRICT ON UPDATE RESTRICT,
  CONSTRAINT FK_ad_preference_ad_user_id_user FOREIGN KEY (visibleat_id_user)
  REFERENCES ad_user (id_user) ON DELETE RESTRICT ON UPDATE RESTRICT
)
ENGINE = INNODB
CHARACTER SET utf8;

CREATE TABLE IF NOT EXISTS ad_process_exec(
  id_process_exec VARCHAR(32) NOT NULL COMMENT 'Process execution identifier',
  id_client VARCHAR(32) NOT NULL COMMENT 'Client identifier',
  id_module VARCHAR(32) NOT NULL COMMENT 'Module identifier',
  id_process VARCHAR(32) NOT NULL COMMENT 'Process identifier',
  created DATETIME NOT NULL COMMENT 'Creation date',
  updated DATETIME NOT NULL COMMENT 'Last update date',
  active BIT(1) NOT NULL COMMENT 'Active row',
  id_user VARCHAR(32) NOT NULL COMMENT 'User who excecute a process',
  started DATETIME NOT NULL COMMENT 'Start time',
  finished DATETIME DEFAULT NULL COMMENT 'Finish time',
  status VARCHAR(50) NOT NULL COMMENT 'Status',
  PRIMARY KEY (id_process_exec),
  INDEX FK_ad_process_exec_ad_client_id_client (id_client),
  INDEX FK_ad_process_exec_ad_module_id_module (id_module),
  INDEX FK_ad_process_exec_ad_process_id_process (id_process),
  INDEX FK_ad_process_exec_ad_user_id_user (id_user),
  CONSTRAINT FK_ad_process_exec_ad_client_id_client FOREIGN KEY (id_client)
  REFERENCES ad_client (id_client) ON DELETE RESTRICT ON UPDATE RESTRICT,
  CONSTRAINT FK_ad_process_exec_ad_module_id_module FOREIGN KEY (id_module)
  REFERENCES ad_module (id_module) ON DELETE RESTRICT ON UPDATE RESTRICT,
  CONSTRAINT FK_ad_process_exec_ad_process_id_process FOREIGN KEY (id_process)
  REFERENCES ad_process (id_process) ON DELETE RESTRICT ON UPDATE RESTRICT,
  CONSTRAINT FK_ad_process_exec_ad_user_id_user FOREIGN KEY (id_user)
  REFERENCES ad_user (id_user) ON DELETE RESTRICT ON UPDATE RESTRICT
)
ENGINE = INNODB
AVG_ROW_LENGTH = 5461
CHARACTER SET utf8;

CREATE TABLE IF NOT EXISTS ad_process_output(
  id_process_output VARCHAR(32) NOT NULL COMMENT 'Process output identifier',
  id_client VARCHAR(32) NOT NULL COMMENT 'Client identifier',
  id_module VARCHAR(32) NOT NULL COMMENT 'Module identifier',
  id_process VARCHAR(32) NOT NULL COMMENT 'Process identifier',
  created DATETIME NOT NULL COMMENT 'Creation date',
  updated DATETIME NOT NULL COMMENT 'Last update date',
  active BIT(1) NOT NULL COMMENT 'Active row',
  otype VARCHAR(50) NOT NULL COMMENT 'Process output type',
  server VARCHAR(150) DEFAULT NULL COMMENT 'Host for FTP, SFTP or email',
  username VARCHAR(30) DEFAULT NULL COMMENT 'User name',
  `password` VARCHAR(30) DEFAULT NULL COMMENT 'Password',
  port INT(10) DEFAULT NULL COMMENT 'Service port',
  file_path VARCHAR(150) DEFAULT NULL COMMENT 'File path for Filesystem',
  file_prefix VARCHAR(30) DEFAULT NULL COMMENT 'File prefix',
  file_ext VARCHAR(30) DEFAULT NULL COMMENT 'File extention',
  file_time_fmt VARCHAR(30) DEFAULT NULL COMMENT 'File time format',
  PRIMARY KEY (id_process_output),
  INDEX FK_ad_process_output_ad_client_id_client (id_client),
  INDEX FK_ad_process_output_ad_module_id_module (id_module),
  INDEX FK_ad_process_output_ad_process_id_process (id_process),
  CONSTRAINT FK_ad_process_output_ad_client_id_client FOREIGN KEY (id_client)
  REFERENCES ad_client (id_client) ON DELETE RESTRICT ON UPDATE RESTRICT,
  CONSTRAINT FK_ad_process_output_ad_module_id_module FOREIGN KEY (id_module)
  REFERENCES ad_module (id_module) ON DELETE RESTRICT ON UPDATE RESTRICT,
  CONSTRAINT FK_ad_process_output_ad_process_id_process FOREIGN KEY (id_process)
  REFERENCES ad_process (id_process) ON DELETE RESTRICT ON UPDATE RESTRICT
)
ENGINE = INNODB
AVG_ROW_LENGTH = 5461
CHARACTER SET utf8;

CREATE TABLE IF NOT EXISTS ad_process_param(
  id_process_param VARCHAR(32) NOT NULL,
  id_client VARCHAR(32) NOT NULL COMMENT 'Client identifier',
  id_module VARCHAR(32) NOT NULL COMMENT 'Module identifier',
  id_process VARCHAR(32) NOT NULL COMMENT 'Process identifier',
  id_reference VARCHAR(32) NOT NULL COMMENT 'Reference identifier',
  created DATETIME NOT NULL COMMENT 'Creation date',
  updated DATETIME NOT NULL COMMENT 'Last update date',
  active BIT(1) NOT NULL COMMENT 'Active row',
  name VARCHAR(100) NOT NULL COMMENT 'Name',
  description VARCHAR(250) DEFAULT NULL COMMENT 'Description',
  valuemin VARCHAR(60) DEFAULT NULL COMMENT 'Minimum value',
  valuemax VARCHAR(60) DEFAULT NULL COMMENT 'Maximum value',
  mandatory BIT(1) NOT NULL COMMENT 'Mandatory parameter',
  `range` BIT(1) NOT NULL COMMENT 'Range parameter',
  save_type VARCHAR(50) NOT NULL COMMENT 'Process parameter save type',
  seqno INT(10) DEFAULT NULL COMMENT 'Sequence number (Order)',
  ptype VARCHAR(50) NOT NULL COMMENT 'Process parameter type',
  valuedefault VARCHAR(45) DEFAULT NULL COMMENT 'Default value',
  caption VARCHAR(150) NOT NULL COMMENT 'Caption for parameter',
  PRIMARY KEY (id_process_param),
  INDEX FK_ad_process_param_ad_client_id_client (id_client),
  INDEX FK_ad_process_param_ad_module_id_module (id_module),
  INDEX FK_ad_process_param_ad_process_id_process (id_process),
  INDEX FK_ad_process_param_ad_reference_id_reference (id_reference),
  CONSTRAINT FK_ad_process_param_ad_client_id_client FOREIGN KEY (id_client)
  REFERENCES ad_client (id_client) ON DELETE RESTRICT ON UPDATE RESTRICT,
  CONSTRAINT FK_ad_process_param_ad_module_id_module FOREIGN KEY (id_module)
  REFERENCES ad_module (id_module) ON DELETE RESTRICT ON UPDATE RESTRICT,
  CONSTRAINT FK_ad_process_param_ad_process_id_process FOREIGN KEY (id_process)
  REFERENCES ad_process (id_process) ON DELETE RESTRICT ON UPDATE RESTRICT,
  CONSTRAINT FK_ad_process_param_ad_reference_id_reference FOREIGN KEY (id_reference)
  REFERENCES ad_reference (id_reference) ON DELETE RESTRICT ON UPDATE RESTRICT
)
ENGINE = INNODB
CHARACTER SET utf8;

CREATE TABLE `ad_ref_button` (
  `id_ref_button` varchar(32) NOT NULL COMMENT 'Button identifier',
  `id_client` varchar(32) NOT NULL COMMENT 'Client identifier',
  `id_module` varchar(32) NOT NULL COMMENT 'Module identifier',
  `id_reference` varchar(32) NOT NULL COMMENT 'Reference identifier',
  `id_process` varchar(32) NOT NULL COMMENT 'Process identifier',
  `created` datetime NOT NULL COMMENT 'Creation date',
  `updated` datetime NOT NULL COMMENT 'Last update date',
  `active` bit(1) NOT NULL COMMENT 'Active row',
  `btype` varchar(50) NOT NULL COMMENT 'Button type',
  `js_code` varchar(100) DEFAULT NULL COMMENT 'Javascript code',
  `icon` varchar(50) DEFAULT NULL COMMENT 'Button icon',
  PRIMARY KEY (`id_ref_button`),
  KEY `FK_ad_ref_button_ad_client_id_client` (`id_client`),
  KEY `FK_ad_ref_button_ad_module_id_module` (`id_module`),
  KEY `FK_ad_ref_button_ad_reference_id_reference` (`id_reference`),
  KEY `FK_ad_ref_button_ad_process_id_process` (`id_process`),
  CONSTRAINT `fk_ad_ref_button_process_id_process` FOREIGN KEY (`id_process`) REFERENCES `ad_process` (`id_process`) ON UPDATE CASCADE,
  CONSTRAINT `FK_ad_ref_button_ad_client_id_client` FOREIGN KEY (`id_client`) REFERENCES `ad_client` (`id_client`),
  CONSTRAINT `FK_ad_ref_button_ad_module_id_module` FOREIGN KEY (`id_module`) REFERENCES `ad_module` (`id_module`),
  CONSTRAINT `FK_ad_ref_button_ad_reference_id_reference` FOREIGN KEY (`id_reference`) REFERENCES `ad_reference` (`id_reference`)
) ENGINE=InnoDB DEFAULT CHARSET=utf8;

CREATE TABLE IF NOT EXISTS ad_ref_list(
  id_ref_list VARCHAR(32) NOT NULL COMMENT 'Reference list identifier',
  id_client VARCHAR(32) NOT NULL COMMENT 'Client identifier',
  id_module VARCHAR(32) NOT NULL COMMENT 'Module identifier',
  created DATETIME NOT NULL COMMENT 'Creation date',
  updated DATETIME NOT NULL COMMENT 'Last update date',
  active BIT(1) NOT NULL COMMENT 'Active row',
  id_reference VARCHAR(32) NOT NULL COMMENT 'Reference identifier',
  value VARCHAR(50) NOT NULL COMMENT 'Reference value',
  name VARCHAR(100) NOT NULL COMMENT 'Reference name',
  seqno INT(10) DEFAULT NULL COMMENT 'Sequence number (Order)',
  PRIMARY KEY (id_ref_list),
  INDEX FK_ad_ref_list_ad_client_id_client (id_client),
  INDEX FK_ad_ref_list_ad_module_id_module (id_module),
  INDEX FK_ad_ref_list_ad_reference_id_reference (id_reference),
  CONSTRAINT FK_ad_ref_list_ad_client_id_client FOREIGN KEY (id_client)
  REFERENCES ad_client (id_client) ON DELETE RESTRICT ON UPDATE RESTRICT,
  CONSTRAINT FK_ad_ref_list_ad_module_id_module FOREIGN KEY (id_module)
  REFERENCES ad_module (id_module) ON DELETE RESTRICT ON UPDATE RESTRICT,
  CONSTRAINT FK_ad_ref_list_ad_reference_id_reference FOREIGN KEY (id_reference)
  REFERENCES ad_reference (id_reference) ON DELETE RESTRICT ON UPDATE RESTRICT
)
ENGINE = INNODB
AVG_ROW_LENGTH = 309
CHARACTER SET utf8;

CREATE TABLE IF NOT EXISTS ad_role_priv(
  id_role_priv VARCHAR(32) NOT NULL COMMENT 'Role privilege identifier',
  id_role VARCHAR(32) NOT NULL COMMENT 'Role identifier',
  id_privilege VARCHAR(32) NOT NULL COMMENT 'Privilege identifier',
  id_client VARCHAR(32) NOT NULL COMMENT 'Client identifier',
  id_module VARCHAR(32) NOT NULL COMMENT 'Module identifier',
  created DATETIME NOT NULL COMMENT 'Creation date',
  updated DATETIME NOT NULL COMMENT 'Last update date',
  active BIT(1) NOT NULL COMMENT 'Active row',
  PRIMARY KEY (id_role_priv),
  INDEX FK_ad_role_priv_ad_client_id_client (id_client),
  INDEX FK_ad_role_priv_ad_module_id_module (id_module),
  INDEX FK_ad_role_priv_ad_privilege_id_privilege (id_privilege),
  INDEX FK_ad_role_priv_ad_role_id_role (id_role),
  CONSTRAINT FK_ad_role_priv_ad_client_id_client FOREIGN KEY (id_client)
  REFERENCES ad_client (id_client) ON DELETE RESTRICT ON UPDATE RESTRICT,
  CONSTRAINT FK_ad_role_priv_ad_module_id_module FOREIGN KEY (id_module)
  REFERENCES ad_module (id_module) ON DELETE RESTRICT ON UPDATE RESTRICT,
  CONSTRAINT FK_ad_role_priv_ad_privilege_id_privilege FOREIGN KEY (id_privilege)
  REFERENCES ad_privilege (id_privilege) ON DELETE RESTRICT ON UPDATE RESTRICT,
  CONSTRAINT FK_ad_role_priv_ad_role_id_role FOREIGN KEY (id_role)
  REFERENCES ad_role (id_role) ON DELETE RESTRICT ON UPDATE RESTRICT
)
ENGINE = INNODB
AVG_ROW_LENGTH = 2340
CHARACTER SET utf8;

CREATE TABLE IF NOT EXISTS ad_table(
  id_table VARCHAR(32) NOT NULL COMMENT 'Table identifier',
  id_client VARCHAR(32) NOT NULL COMMENT 'Client identifier',
  id_module VARCHAR(32) NOT NULL COMMENT 'Module identifier',
  id_val_rule VARCHAR(32) DEFAULT NULL COMMENT 'Validation rule identifier',
  created DATETIME NOT NULL COMMENT 'Creation date',
  updated DATETIME NOT NULL COMMENT 'Last update date',
  active BIT(1) NOT NULL COMMENT 'Active row',
  name VARCHAR(100) NOT NULL COMMENT 'Name',
  data_origin VARCHAR(50) NOT NULL COMMENT 'Data origin',
  isview BIT(1) NOT NULL COMMENT 'Is a database view',
  seqno INT(10) DEFAULT NULL COMMENT 'Sequence number (Order)',
  version INT(10) DEFAULT NULL COMMENT 'Table version',
  `sql` VARCHAR(45) DEFAULT NULL COMMENT 'SQL definition',
  seqno_update INT(10) DEFAULT NULL COMMENT 'Sequence for update',
  export_data BIT(1) NOT NULL COMMENT 'Include table on export data process',
  PRIMARY KEY (id_table),
  INDEX FK_ad_table_ad_client_id_client (id_client),
  INDEX FK_ad_table_ad_module_id_module (id_module),
  INDEX FK_ad_table_ad_val_rule_id_val_rule (id_val_rule),
  CONSTRAINT FK_ad_table_ad_client_id_client FOREIGN KEY (id_client)
  REFERENCES ad_client (id_client) ON DELETE RESTRICT ON UPDATE RESTRICT,
  CONSTRAINT FK_ad_table_ad_module_id_module FOREIGN KEY (id_module)
  REFERENCES ad_module (id_module) ON DELETE RESTRICT ON UPDATE RESTRICT,
  CONSTRAINT FK_ad_table_ad_val_rule_id_val_rule FOREIGN KEY (id_val_rule)
  REFERENCES ad_val_rule (id_val_rule) ON DELETE SET NULL ON UPDATE RESTRICT
)
ENGINE = INNODB
AVG_ROW_LENGTH = 496
CHARACTER SET utf8;

CREATE TABLE IF NOT EXISTS ad_user_roles(
  id_user_roles VARCHAR(32) NOT NULL COMMENT 'User role identifier',
  id_role VARCHAR(32) NOT NULL COMMENT 'Role identifier',
  id_user VARCHAR(32) NOT NULL COMMENT 'User identifier',
  id_client VARCHAR(32) NOT NULL COMMENT 'Client identifier',
  created DATETIME NOT NULL COMMENT 'Creation date',
  updated DATETIME NOT NULL COMMENT 'Last update date',
  active BIT(1) NOT NULL COMMENT 'Active row',
  PRIMARY KEY (id_user_roles),
  INDEX FK_ad_user_roles_ad_client_id_client (id_client),
  INDEX FK_ad_user_roles_ad_role_id_role (id_role),
  INDEX FK_ad_user_roles_ad_user_id_user (id_user),
  CONSTRAINT FK_ad_user_roles_ad_client_id_client FOREIGN KEY (id_client)
  REFERENCES ad_client (id_client) ON DELETE RESTRICT ON UPDATE RESTRICT,
  CONSTRAINT FK_ad_user_roles_ad_role_id_role FOREIGN KEY (id_role)
  REFERENCES ad_role (id_role) ON DELETE RESTRICT ON UPDATE RESTRICT,
  CONSTRAINT FK_ad_user_roles_ad_user_id_user FOREIGN KEY (id_user)
  REFERENCES ad_user (id_user) ON DELETE RESTRICT ON UPDATE RESTRICT
)
ENGINE = INNODB
AVG_ROW_LENGTH = 4096
CHARACTER SET utf8;

CREATE TABLE IF NOT EXISTS ad_column(
  id_column VARCHAR(32) NOT NULL COMMENT 'Column identifier',
  id_client VARCHAR(32) NOT NULL COMMENT 'Client identifier',
  id_module VARCHAR(32) NOT NULL COMMENT 'Module identifier',
  created DATETIME NOT NULL COMMENT 'Creation date',
  updated DATETIME NOT NULL COMMENT 'Last update date',
  active BIT(1) NOT NULL COMMENT 'Active row',
  id_table VARCHAR(32) NOT NULL COMMENT 'Table identifier',
  id_reference VARCHAR(32) NOT NULL COMMENT 'Reference identifier',
  id_reference_value VARCHAR(32) DEFAULT NULL COMMENT 'Reference value identifier',
  id_val_rule VARCHAR(32) DEFAULT NULL COMMENT 'Validation rule identifier',
  name VARCHAR(100) NOT NULL COMMENT 'Name',
  ctype VARCHAR(50) NOT NULL COMMENT 'Column type',
  cformat VARCHAR(50) DEFAULT NULL COMMENT 'Column format',
  seqno INT(10) DEFAULT NULL COMMENT 'Sequence number (Order)',
  primary_key BIT(1) NOT NULL COMMENT 'Is primary key',
  mandatory BIT(1) NOT NULL COMMENT 'Is mandatory',
  csource VARCHAR(10) NOT NULL COMMENT 'Data source',
  csource_value TEXT DEFAULT NULL COMMENT 'Data source value',
  valuemin VARCHAR(45) DEFAULT NULL COMMENT 'Minimun value',
  valuemax VARCHAR(45) DEFAULT NULL COMMENT 'Maximun value',
  valuedefault VARCHAR(45) DEFAULT NULL COMMENT 'Default value',
  readonlylogic TEXT DEFAULT NULL COMMENT 'Read only logic',
  showinsearch BIT(1) DEFAULT NULL COMMENT 'Show in search',
  groupedsearch BIT(1) DEFAULT NULL COMMENT 'Grouped search',
  link_parent BIT(1) DEFAULT NULL COMMENT 'Link to parent table',
  translatable BIT(1) DEFAULT 0 NOT NULL COMMENT 'Translatable column',
  PRIMARY KEY (id_column),
  INDEX FK_ad_column_ad_client_id_client (id_client),
  INDEX FK_ad_column_ad_module_id_module (id_module),
  INDEX FK_ad_column_ad_reference_id_reference (id_reference),
  INDEX FK_ad_column_ad_reference_id_reference_value (id_reference_value),
  INDEX FK_ad_column_ad_table_id_table (id_table),
  INDEX FK_ad_column_ad_val_rule_id_val_rule (id_val_rule),
  CONSTRAINT FK_ad_column_ad_client_id_client FOREIGN KEY (id_client)
  REFERENCES ad_client (id_client) ON DELETE RESTRICT ON UPDATE RESTRICT,
  CONSTRAINT FK_ad_column_ad_module_id_module FOREIGN KEY (id_module)
  REFERENCES ad_module (id_module) ON DELETE RESTRICT ON UPDATE RESTRICT,
  CONSTRAINT FK_ad_column_ad_reference_id_reference FOREIGN KEY (id_reference)
  REFERENCES ad_reference (id_reference) ON DELETE RESTRICT ON UPDATE RESTRICT,
  CONSTRAINT FK_ad_column_ad_reference_id_reference_value FOREIGN KEY (id_reference_value)
  REFERENCES ad_reference (id_reference) ON DELETE SET NULL ON UPDATE RESTRICT,
  CONSTRAINT FK_ad_column_ad_table_id_table FOREIGN KEY (id_table)
  REFERENCES ad_table (id_table) ON DELETE RESTRICT ON UPDATE RESTRICT,
  CONSTRAINT FK_ad_column_ad_val_rule_id_val_rule FOREIGN KEY (id_val_rule)
  REFERENCES ad_val_rule (id_val_rule) ON DELETE SET NULL ON UPDATE RESTRICT
)
ENGINE = INNODB
AVG_ROW_LENGTH = 289
CHARACTER SET utf8;

CREATE TABLE IF NOT EXISTS ad_menu_roles(
  id_menu_roles VARCHAR(32) NOT NULL COMMENT 'Menu roles identifier',
  id_menu VARCHAR(32) NOT NULL COMMENT 'Menu identifier',
  id_role VARCHAR(32) NOT NULL COMMENT 'Role identifier',
  id_client VARCHAR(32) NOT NULL COMMENT 'Client identifier',
  id_module VARCHAR(32) NOT NULL COMMENT 'Module identifier',
  created DATETIME NOT NULL COMMENT 'Creation date',
  updated DATETIME NOT NULL COMMENT 'Last update date',
  active BIT(1) NOT NULL COMMENT 'Active row',
  PRIMARY KEY (id_menu_roles),
  INDEX FK_ad_menu_roles_ad_client_id_client (id_client),
  INDEX FK_ad_menu_roles_ad_menu_id_menu (id_menu),
  INDEX FK_ad_menu_roles_ad_module_id_module (id_module),
  INDEX FK_ad_menu_roles_ad_role_id_role (id_role),
  CONSTRAINT FK_ad_menu_roles_ad_client_id_client FOREIGN KEY (id_client)
  REFERENCES ad_client (id_client) ON DELETE RESTRICT ON UPDATE RESTRICT,
  CONSTRAINT FK_ad_menu_roles_ad_menu_id_menu FOREIGN KEY (id_menu)
  REFERENCES ad_menu (id_menu) ON DELETE RESTRICT ON UPDATE RESTRICT,
  CONSTRAINT FK_ad_menu_roles_ad_module_id_module FOREIGN KEY (id_module)
  REFERENCES ad_module (id_module) ON DELETE RESTRICT ON UPDATE RESTRICT,
  CONSTRAINT FK_ad_menu_roles_ad_role_id_role FOREIGN KEY (id_role)
  REFERENCES ad_role (id_role) ON DELETE RESTRICT ON UPDATE RESTRICT
)
ENGINE = INNODB
AVG_ROW_LENGTH = 528
CHARACTER SET utf8;

CREATE TABLE IF NOT EXISTS ad_process_log(
  id_process_log VARCHAR(32) NOT NULL COMMENT 'Process log identifier',
  id_client VARCHAR(32) NOT NULL COMMENT 'Client identifier',
  id_module VARCHAR(32) NOT NULL COMMENT 'Module identifier',
  id_process_exec VARCHAR(32) NOT NULL COMMENT 'Process execution identifier',
  created DATETIME NOT NULL COMMENT 'Creation date',
  updated DATETIME NOT NULL COMMENT 'Last update date',
  active BIT(1) NOT NULL COMMENT 'Active row',
  ltype VARCHAR(50) DEFAULT NULL COMMENT 'Log type',
  log TEXT NOT NULL COMMENT 'Log information',
  PRIMARY KEY (id_process_log),
  INDEX FK_ad_process_log_ad_client_id_client (id_client),
  INDEX FK_ad_process_log_ad_module_id_module (id_module),
  INDEX FK_ad_process_log_ad_process_exec_id_process_exec (id_process_exec),
  CONSTRAINT FK_ad_process_log_ad_client_id_client FOREIGN KEY (id_client)
  REFERENCES ad_client (id_client) ON DELETE RESTRICT ON UPDATE RESTRICT,
  CONSTRAINT FK_ad_process_log_ad_module_id_module FOREIGN KEY (id_module)
  REFERENCES ad_module (id_module) ON DELETE RESTRICT ON UPDATE RESTRICT,
  CONSTRAINT FK_ad_process_log_ad_process_exec_id_process_exec FOREIGN KEY (id_process_exec)
  REFERENCES ad_process_exec (id_process_exec) ON DELETE RESTRICT ON UPDATE RESTRICT
)
ENGINE = INNODB
AVG_ROW_LENGTH = 940
CHARACTER SET utf8;

CREATE TABLE IF NOT EXISTS ad_tab(
  id_tab VARCHAR(32) NOT NULL COMMENT 'Tab identifier',
  id_client VARCHAR(32) NOT NULL COMMENT 'Client identifier',
  id_module VARCHAR(32) NOT NULL COMMENT 'Module identifier',
  id_window VARCHAR(32) NOT NULL COMMENT 'Window identifier',
  id_table VARCHAR(32) NOT NULL COMMENT 'Table identifier',
  created DATETIME NOT NULL COMMENT 'Creation date',
  updated DATETIME NOT NULL COMMENT 'Last update date',
  active BIT(1) NOT NULL COMMENT 'Active row',
  name VARCHAR(100) NOT NULL COMMENT 'Name',
  tablevel INT(10) NOT NULL COMMENT 'Tab level',
  `columns` INT(10) NOT NULL COMMENT 'Form columns',
  seqno INT(10) DEFAULT NULL COMMENT 'Sequence number (Order)',
  uipattern VARCHAR(10) NOT NULL COMMENT 'Tab user interface pattern',
  ttype VARCHAR(50) NOT NULL COMMENT 'Tab type',
  sqlwhere TEXT DEFAULT NULL COMMENT 'HSQL conditional',
  sqlorderby TEXT DEFAULT NULL COMMENT 'HSQL order by',
  displaylogic TEXT DEFAULT NULL COMMENT 'Tab display logic',
  PRIMARY KEY (id_tab),
  INDEX FK_ad_tab_ad_client_id_client (id_client),
  INDEX FK_ad_tab_ad_module_id_module (id_module),
  INDEX FK_ad_tab_ad_table_id_table (id_table),
  INDEX FK_ad_tab_ad_window_id_window (id_window),
  CONSTRAINT FK_ad_tab_ad_client_id_client FOREIGN KEY (id_client)
  REFERENCES ad_client (id_client) ON DELETE RESTRICT ON UPDATE RESTRICT,
  CONSTRAINT FK_ad_tab_ad_module_id_module FOREIGN KEY (id_module)
  REFERENCES ad_module (id_module) ON DELETE RESTRICT ON UPDATE RESTRICT,
  CONSTRAINT FK_ad_tab_ad_table_id_table FOREIGN KEY (id_table)
  REFERENCES ad_table (id_table) ON DELETE RESTRICT ON UPDATE RESTRICT,
  CONSTRAINT FK_ad_tab_ad_window_id_window FOREIGN KEY (id_window)
  REFERENCES ad_window (id_window) ON DELETE RESTRICT ON UPDATE RESTRICT
)
ENGINE = INNODB
AVG_ROW_LENGTH = 606
CHARACTER SET utf8;

CREATE TABLE IF NOT EXISTS ad_field(
  id_field VARCHAR(32) NOT NULL COMMENT 'Field identifier',
  id_client VARCHAR(32) NOT NULL COMMENT 'Client identifier',
  id_module VARCHAR(32) NOT NULL COMMENT 'Module identifier',
  id_tab VARCHAR(32) NOT NULL COMMENT 'Tab identifier',
  id_column VARCHAR(32) NOT NULL COMMENT 'Column identifier',
  id_field_group VARCHAR(32) DEFAULT NULL COMMENT 'Field group identifier',
  created DATETIME NOT NULL COMMENT 'Creation date',
  updated DATETIME NOT NULL COMMENT 'Last update date',
  active BIT(1) NOT NULL COMMENT 'Active row',
  name VARCHAR(100) NOT NULL COMMENT 'Name',
  seqno INT(10) DEFAULT NULL COMMENT 'Sequence number (Order)',
  grid_seqno INT(10) DEFAULT NULL COMMENT 'Sequence number for grid',
  readonly BIT(1) NOT NULL COMMENT 'Is readonly field',
  displayed BIT(1) NOT NULL COMMENT 'Is displayed in form',
  showingrid BIT(1) NOT NULL COMMENT 'Is show in grid',
  startnewrow BIT(1) NOT NULL COMMENT 'In form render is shown in new row',
  showinstatusbar BIT(1) NOT NULL COMMENT 'Show in status bar',
  onchangefunction VARCHAR(250) DEFAULT NULL COMMENT 'Javascript function to execute on change',
  displaylogic TEXT DEFAULT NULL COMMENT 'Display logic',
  span INT(10) NOT NULL COMMENT 'Render a field in "span" columns',
  filter_range BIT(1) NOT NULL COMMENT 'Filter by range',
  sortable BIT(1) DEFAULT NULL COMMENT 'Sortable field',
  caption VARCHAR(150) NOT NULL COMMENT 'Caption for field',
  PRIMARY KEY (id_field),
  INDEX FK_ad_field_ad_client_id_client (id_client),
  INDEX FK_ad_field_ad_column_id_column (id_column),
  INDEX FK_ad_field_ad_field_group_id_field_group (id_field_group),
  INDEX FK_ad_field_ad_module_id_module (id_module),
  INDEX FK_ad_field_ad_tab_id_tab (id_tab),
  CONSTRAINT FK_ad_field_ad_client_id_client FOREIGN KEY (id_client)
  REFERENCES ad_client (id_client) ON DELETE RESTRICT ON UPDATE RESTRICT,
  CONSTRAINT FK_ad_field_ad_column_id_column FOREIGN KEY (id_column)
  REFERENCES ad_column (id_column) ON DELETE RESTRICT ON UPDATE RESTRICT,
  CONSTRAINT FK_ad_field_ad_field_group_id_field_group FOREIGN KEY (id_field_group)
  REFERENCES ad_field_group (id_field_group) ON DELETE RESTRICT ON UPDATE RESTRICT,
  CONSTRAINT FK_ad_field_ad_module_id_module FOREIGN KEY (id_module)
  REFERENCES ad_module (id_module) ON DELETE RESTRICT ON UPDATE RESTRICT,
  CONSTRAINT FK_ad_field_ad_tab_id_tab FOREIGN KEY (id_tab)
  REFERENCES ad_tab (id_tab) ON DELETE RESTRICT ON UPDATE RESTRICT
)
ENGINE = INNODB
AVG_ROW_LENGTH = 327
CHARACTER SET utf8;

CREATE TABLE IF NOT EXISTS ad_ref_table(
  id_ref_table VARCHAR(32) NOT NULL COMMENT 'Reference table identifier',
  id_client VARCHAR(32) NOT NULL COMMENT 'Client identifier',
  id_module VARCHAR(32) NOT NULL COMMENT 'Module identifier',
  id_reference VARCHAR(32) NOT NULL COMMENT 'Reference identifier',
  id_table VARCHAR(32) NOT NULL COMMENT 'Table identifier',
  id_key VARCHAR(32) NOT NULL COMMENT 'Column identifier',
  id_display VARCHAR(32) NOT NULL COMMENT 'Column identifier',
  created DATETIME NOT NULL COMMENT 'Creation date',
  updated DATETIME NOT NULL COMMENT 'Last update date',
  active BIT(1) NOT NULL COMMENT 'Active row',
  sqlwhere TEXT DEFAULT NULL COMMENT 'SQL condition',
  sqlorderby TEXT DEFAULT NULL COMMENT 'SQL order by',
  PRIMARY KEY (id_ref_table),
  INDEX FK_ad_ref_table_ad_client_id_client (id_client),
  INDEX FK_ad_ref_table_ad_column_id_column_display (id_display),
  INDEX FK_ad_ref_table_ad_column_id_column_key (id_key),
  INDEX FK_ad_ref_table_ad_module_id_module (id_module),
  INDEX FK_ad_ref_table_ad_reference_id_reference (id_reference),
  INDEX FK_ad_ref_table_ad_table_id_table (id_table),
  CONSTRAINT FK_ad_ref_table_ad_client_id_client FOREIGN KEY (id_client)
  REFERENCES ad_client (id_client) ON DELETE RESTRICT ON UPDATE RESTRICT,
  CONSTRAINT FK_ad_ref_table_ad_column_id_column_display FOREIGN KEY (id_display)
  REFERENCES ad_column (id_column) ON DELETE RESTRICT ON UPDATE RESTRICT,
  CONSTRAINT FK_ad_ref_table_ad_column_id_column_key FOREIGN KEY (id_key)
  REFERENCES ad_column (id_column) ON DELETE RESTRICT ON UPDATE RESTRICT,
  CONSTRAINT FK_ad_ref_table_ad_module_id_module FOREIGN KEY (id_module)
  REFERENCES ad_module (id_module) ON DELETE RESTRICT ON UPDATE RESTRICT,
  CONSTRAINT FK_ad_ref_table_ad_reference_id_reference FOREIGN KEY (id_reference)
  REFERENCES ad_reference (id_reference) ON DELETE RESTRICT ON UPDATE RESTRICT,
  CONSTRAINT FK_ad_ref_table_ad_table_id_table FOREIGN KEY (id_table)
  REFERENCES ad_table (id_table) ON DELETE RESTRICT ON UPDATE RESTRICT
)
ENGINE = INNODB
AVG_ROW_LENGTH = 819
CHARACTER SET utf8;

CREATE TABLE IF NOT EXISTS ad_translation(
  id_translation VARCHAR(32) NOT NULL COMMENT 'Translation identifier',
  id_client VARCHAR(32) NOT NULL COMMENT 'Client identifier',
  id_module VARCHAR(32) NOT NULL COMMENT 'Module identifier',
  id_language VARCHAR(32) NOT NULL COMMENT 'Language identifier',
  id_table VARCHAR(32) NOT NULL COMMENT 'Table identifier',
  id_column VARCHAR(32) NOT NULL COMMENT 'Column identifier',
  created DATETIME NOT NULL COMMENT 'Creation date',
  updated DATETIME NOT NULL COMMENT 'Last update date',
  active BIT(1) NOT NULL COMMENT 'Active row',
  rowkey VARCHAR(32) NOT NULL COMMENT 'Row identifier',
  translation TEXT NOT NULL COMMENT 'Translation',
  path VARCHAR(100) DEFAULT NULL COMMENT 'Path for file translations',
  PRIMARY KEY (id_translation),
  INDEX FK_ad_translation_ad_client_id_client (id_client),
  INDEX FK_ad_translation_ad_column_id_column (id_column),
  INDEX FK_ad_translation_ad_language_id_language (id_language),
  INDEX FK_ad_translation_ad_module_id_module (id_module),
  INDEX FK_ad_translation_ad_table_id_table (id_table),
  CONSTRAINT FK_ad_translation_ad_client_id_client FOREIGN KEY (id_client)
  REFERENCES ad_client (id_client) ON DELETE RESTRICT ON UPDATE RESTRICT,
  CONSTRAINT FK_ad_translation_ad_column_id_column FOREIGN KEY (id_column)
  REFERENCES ad_column (id_column) ON DELETE RESTRICT ON UPDATE RESTRICT,
  CONSTRAINT FK_ad_translation_ad_language_id_language FOREIGN KEY (id_language)
  REFERENCES ad_language (id_language) ON DELETE RESTRICT ON UPDATE RESTRICT,
  CONSTRAINT FK_ad_translation_ad_module_id_module FOREIGN KEY (id_module)
  REFERENCES ad_module (id_module) ON DELETE RESTRICT ON UPDATE RESTRICT,
  CONSTRAINT FK_ad_translation_ad_table_id_table FOREIGN KEY (id_table)
  REFERENCES ad_table (id_table) ON DELETE RESTRICT ON UPDATE RESTRICT
)
ENGINE = INNODB
AVG_ROW_LENGTH = 2730
CHARACTER SET utf8;

CREATE TABLE IF NOT EXISTS ad_ref_search_column(
  id_ref_search_column VARCHAR(32) NOT NULL COMMENT 'Reference search column identifier',
  id_client VARCHAR(32) NOT NULL COMMENT 'Client identifier',
  id_ref_table VARCHAR(32) NOT NULL COMMENT 'Reference table identifier',
  id_column VARCHAR(32) NOT NULL COMMENT 'Column identifier',
  created DATETIME NOT NULL COMMENT 'Creation date',
  updated DATETIME NOT NULL COMMENT 'Last update date',
  active BIT(1) NOT NULL COMMENT 'Active row',
  PRIMARY KEY (id_ref_search_column),
  INDEX FK_ad_ref_search_column_ad_client_id_client (id_client),
  INDEX FK_ad_ref_search_column_ad_column_id_column (id_column),
  INDEX FK_ad_ref_search_column_ad_ref_table_id_ref_table (id_ref_table),
  CONSTRAINT FK_ad_ref_search_column_ad_client_id_client FOREIGN KEY (id_client)
  REFERENCES ad_client (id_client) ON DELETE RESTRICT ON UPDATE RESTRICT,
  CONSTRAINT FK_ad_ref_search_column_ad_column_id_column FOREIGN KEY (id_column)
  REFERENCES ad_column (id_column) ON DELETE RESTRICT ON UPDATE RESTRICT,
  CONSTRAINT FK_ad_ref_search_column_ad_ref_table_id_ref_table FOREIGN KEY (id_ref_table)
  REFERENCES ad_ref_table (id_ref_table) ON DELETE RESTRICT ON UPDATE RESTRICT
)
ENGINE = INNODB
CHARACTER SET utf8;

INSERT INTO ad_client (id_client, created, updated, active, name) VALUES ('0', now(), now(), 1, '*');
INSERT INTO ad_client (id_client, created, updated, active, name) VALUES ('C5DF0280DEE20D3D6B81F347F4EDBFFA', now(), now(), 1, 'Vincomobile');

INSERT INTO ad_module (id_module, id_client, created, updated, active, name, description, java_package, version, indevelopment, rest_path, dbprefix) VALUES ('D351EB083EC7E8C4891CD7B25B1E274E', 'C5DF0280DEE20D3D6B81F347F4EDBFFA', now(), now(), 1, 'core', 'Vincomobile Framework Core', 'com.vincomobile.fw.core', '1.0.0', 1, 'vinco_core', 'ad');

INSERT INTO ad_table (id_table, id_client, created, updated, active, id_module, name, data_origin, isview, seqno, version, seqno_update, export_data) VALUES ('ff8080815092f7b5015092faa2970000', '0', now(), now(), 1, 'D351EB083EC7E8C4891CD7B25B1E274E', 'ad_role', 'TABLE', 0, 1150, 1, 1150, 1);
INSERT INTO ad_table (id_table, id_client, created, updated, active, id_module, name, data_origin, isview, seqno, version, seqno_update, export_data) VALUES ('ff80808150dba1800150dba5c2c10000', '0', now(), now(), 1, 'D351EB083EC7E8C4891CD7B25B1E274E', 'ad_reference', 'TABLE', 0, 1050, 1, 1050, 1);
INSERT INTO ad_table (id_table, id_client, created, updated, active, id_module, name, data_origin, isview, seqno, version, seqno_update, export_data) VALUES ('ff80808150dba1800150dba621c8000a', '0', now(), now(), 1, 'D351EB083EC7E8C4891CD7B25B1E274E', 'ad_table', 'TABLE', 0, 1060, 1, 1060, 1);
INSERT INTO ad_table (id_table, id_client, created, updated, active, id_module, name, data_origin, isview, seqno, version, seqno_update, export_data) VALUES ('ff80808150dba1800150dba69dee0018', '0', now(), now(), 1, 'D351EB083EC7E8C4891CD7B25B1E274E', 'ad_column', 'TABLE', 0, 1070, 1, 1070, 1);
INSERT INTO ad_table (id_table, id_client, created, updated, active, id_module, name, data_origin, isview, seqno, version, seqno_update, export_data) VALUES ('ff80808150dba1800150dbbb9631002f', '0', now(), now(), 1, 'D351EB083EC7E8C4891CD7B25B1E274E', 'ad_process', 'TABLE', 0, 1300, 1, 1300, 1);
INSERT INTO ad_table (id_table, id_client, created, updated, active, id_module, name, data_origin, isview, seqno, version, seqno_update, export_data) VALUES ('ff80808150dba1800150dbbff03d0045', '0', now(), now(), 1, 'D351EB083EC7E8C4891CD7B25B1E274E', 'ad_process_param', 'TABLE', 0, 1430, 1, 1430, 1);
INSERT INTO ad_table (id_table, id_client, created, updated, active, id_module, name, data_origin, isview, seqno, version, seqno_update, export_data) VALUES ('ff80808150e09f920150e107c7df0000', '0', now(), now(), 1, 'D351EB083EC7E8C4891CD7B25B1E274E', 'ad_ref_search_column', 'TABLE', 0, 1320, 1, 1320, 1);
INSERT INTO ad_table (id_table, id_client, created, updated, active, id_module, name, data_origin, isview, seqno, version, seqno_update, export_data) VALUES ('ff80808150f4d9e70150f4dd7b0d0000', '0', now(), now(), 1, 'D351EB083EC7E8C4891CD7B25B1E274E', 'ad_window', 'TABLE', 0, 1250, 1, 1250, 1);
INSERT INTO ad_table (id_table, id_client, created, updated, active, id_module, name, data_origin, isview, seqno, version, seqno_update, export_data) VALUES ('ff80808150f4d9e70150f4dd7b0d0001', '0', now(), now(), 1, 'D351EB083EC7E8C4891CD7B25B1E274E', 'ad_preference', 'TABLE', 0, 2000, 1, 2000, 1);
INSERT INTO ad_table (id_table, id_client, created, updated, active, id_module, name, data_origin, isview, seqno, version, seqno_update, export_data) VALUES ('ff80808150f4d9e70150f4dd7b0d0002', '0', now(), now(), 1, 'D351EB083EC7E8C4891CD7B25B1E274E', 'ad_sequence', 'TABLE', 0, 2010, 1, 2010, 1);
INSERT INTO ad_table (id_table, id_client, created, updated, active, id_module, name, data_origin, isview, seqno, version, seqno_update, export_data) VALUES ('ff8080815133364d0151333876f70000', '0', now(), now(), 1, 'D351EB083EC7E8C4891CD7B25B1E274E', 'ad_params', 'TABLE', 0, 1600, 1, 1600, 1);
INSERT INTO ad_table (id_table, id_client, created, updated, active, id_module, name, data_origin, isview, seqno, version, seqno_update, export_data) VALUES ('ff808081513458260151345c19980000', '0', now(), now(), 1, 'D351EB083EC7E8C4891CD7B25B1E274E', 'ad_menu', 'TABLE', 0, 1500, 1, 1500, 1);
INSERT INTO ad_table (id_table, id_client, created, updated, active, id_module, name, data_origin, isview, seqno, version, seqno_update, export_data) VALUES ('ff808081513458260151345ccbde0010', '0', now(), now(), 1, 'D351EB083EC7E8C4891CD7B25B1E274E', 'ad_menu_roles', 'TABLE', 0, 1510, 1, 1510, 1);
INSERT INTO ad_table (id_table, id_client, created, updated, active, id_module, name, data_origin, isview, seqno, version, seqno_update, export_data) VALUES ('ff80808151382f2a0151385b16ec0000', '0', now(), now(), 1, 'D351EB083EC7E8C4891CD7B25B1E274E', 'ad_client', 'TABLE', 0, 1010, 1, 1010, 1);
INSERT INTO ad_table (id_table, id_client, created, updated, active, id_module, name, data_origin, isview, seqno, version, seqno_update, export_data) VALUES ('ff80808151382f2a0151385c9296000d', '0', now(), now(), 1, 'D351EB083EC7E8C4891CD7B25B1E274E', 'ad_field', 'TABLE', 0, 1280, 1, 1280, 1);
INSERT INTO ad_table (id_table, id_client, created, updated, active, id_module, name, data_origin, isview, seqno, version, seqno_update, export_data) VALUES ('ff80808151382f2a0151385d18e20024', '0', now(), now(), 1, 'D351EB083EC7E8C4891CD7B25B1E274E', 'ad_field_group', 'TABLE', 0, 1270, 1, 1270, 1);
INSERT INTO ad_table (id_table, id_client, created, updated, active, id_module, name, data_origin, isview, seqno, version, seqno_update, export_data) VALUES ('ff80808151382f2a0151385dec2a002d', '0', now(), now(), 1, 'D351EB083EC7E8C4891CD7B25B1E274E', 'ad_language', 'TABLE', 0, 1100, 1, 1100, 1);
INSERT INTO ad_table (id_table, id_client, created, updated, active, id_module, name, data_origin, isview, seqno, version, seqno_update, export_data) VALUES ('ff80808151382f2a0151385e92b60037', '0', now(), now(), 1, 'D351EB083EC7E8C4891CD7B25B1E274E', 'ad_message', 'TABLE', 0, 1120, 1, 1120, 1);
INSERT INTO ad_table (id_table, id_client, created, updated, active, id_module, name, data_origin, isview, seqno, version, seqno_update, export_data) VALUES ('ff80808151382f2a0151385f138f0040', '0', now(), now(), 1, 'D351EB083EC7E8C4891CD7B25B1E274E', 'ad_module', 'TABLE', 0, 1020, 1, 1020, 1);
INSERT INTO ad_table (id_table, id_client, created, updated, active, id_module, name, data_origin, isview, seqno, version, seqno_update, export_data) VALUES ('ff80808151382f2a0151385fba6c004c', '0', now(), now(), 1, 'D351EB083EC7E8C4891CD7B25B1E274E', 'ad_privilege', 'TABLE', 0, 1160, 1, 1160, 1);
INSERT INTO ad_table (id_table, id_client, created, updated, active, id_module, name, data_origin, isview, seqno, version, seqno_update, export_data) VALUES ('ff80808151382f2a0151386023350055', '0', now(), now(), 1, 'D351EB083EC7E8C4891CD7B25B1E274E', 'ad_ref_list', 'TABLE', 0, 1340, 1, 1340, 1);
INSERT INTO ad_table (id_table, id_client, created, updated, active, id_module, name, data_origin, isview, seqno, version, seqno_update, export_data) VALUES ('ff80808151382f2a01513860abaa0060', '0', now(), now(), 1, 'D351EB083EC7E8C4891CD7B25B1E274E', 'ad_ref_table', 'TABLE', 0, 1310, 1, 1310, 1);
INSERT INTO ad_table (id_table, id_client, created, updated, active, id_module, name, data_origin, isview, seqno, version, seqno_update, export_data) VALUES ('ff80808151382f2a01513861174c006d', '0', now(), now(), 1, 'D351EB083EC7E8C4891CD7B25B1E274E', 'ad_role_priv', 'TABLE', 0, 1170, 1, 1170, 1);
INSERT INTO ad_table (id_table, id_client, created, updated, active, id_module, name, data_origin, isview, seqno, version, seqno_update, export_data) VALUES ('ff80808151382f2a015138615fbf0076', '0', now(), now(), 1, 'D351EB083EC7E8C4891CD7B25B1E274E', 'ad_tab', 'TABLE', 0, 1260, 1, 1260, 1);
INSERT INTO ad_table (id_table, id_client, created, updated, active, id_module, name, data_origin, isview, seqno, version, seqno_update, export_data) VALUES ('ff80808151382f2a01513861db7d0088', '0', now(), now(), 1, 'D351EB083EC7E8C4891CD7B25B1E274E', 'ad_translation', 'TABLE', 0, 1110, 1, 1110, 1);
INSERT INTO ad_table (id_table, id_client, created, updated, active, id_module, name, data_origin, isview, seqno, version, seqno_update, export_data) VALUES ('ff80808151382f2a0151386238c70095', '0', now(), now(), 1, 'D351EB083EC7E8C4891CD7B25B1E274E', 'ad_user', 'TABLE', 0, 1180, 1, 1180, 1);
INSERT INTO ad_table (id_table, id_client, created, updated, active, id_module, name, data_origin, isview, seqno, version, seqno_update, export_data) VALUES ('ff80808151382f2a015138629ad800a4', '0', now(), now(), 1, 'D351EB083EC7E8C4891CD7B25B1E274E', 'ad_user_roles', 'TABLE', 0, 1190, 1, 1190, 1);
INSERT INTO ad_table (id_table, id_client, created, updated, active, id_module, name, data_origin, isview, seqno, version, seqno_update, export_data) VALUES ('ff8080815149fdd001514a37be7d0014', '0', now(), now(), 1, 'D351EB083EC7E8C4891CD7B25B1E274E', 'ad_ref_button', 'TABLE', 0, 1330, 1, 1330, 1);
INSERT INTO ad_table (id_table, id_client, created, updated, active, id_module, name, data_origin, isview, seqno, version, seqno_update, export_data) VALUES ('ff808081514cd18b01514cd89cfb0000', '0', now(), now(), 1, 'D351EB083EC7E8C4891CD7B25B1E274E', 'ad_process_exec', 'TABLE', 0, 1410, 1, 1410, 1);
INSERT INTO ad_table (id_table, id_client, created, updated, active, id_module, name, data_origin, isview, seqno, version, seqno_update, export_data) VALUES ('ff808081514cd18b01514ce7b60f0018', '0', now(), now(), 1, 'D351EB083EC7E8C4891CD7B25B1E274E', 'ad_process_log', 'TABLE', 0, 1420, 1, 1420, 1);
INSERT INTO ad_table (id_table, id_client, created, updated, active, id_module, name, data_origin, isview, seqno, version, seqno_update, export_data) VALUES ('ff808081514cd18b01514cea84da0021', '0', now(), now(), 1, 'D351EB083EC7E8C4891CD7B25B1E274E', 'ad_client_module', 'TABLE', 0, 1030, 1, 1030, 1);
INSERT INTO ad_table (id_table, id_client, created, updated, active, id_module, name, data_origin, isview, seqno, version, seqno_update, export_data) VALUES ('ff8080815152c6ea0151532548810000', '0', now(), now(), 1, 'D351EB083EC7E8C4891CD7B25B1E274E', 'ad_process_output', 'TABLE', 0, 1440, 1, 1440, 1);
INSERT INTO ad_table (id_table, id_client, created, updated, active, id_module, name, data_origin, isview, seqno, version, seqno_update, export_data) VALUES ('ff808081515720760151577ea3630000', '0', now(), now(), 1, 'D351EB083EC7E8C4891CD7B25B1E274E', 'ad_val_rule', 'TABLE', 0, 1080, 1, 1040, 1);

INSERT INTO ad_reference (id_reference, id_client, id_module, created, updated, active, name, rtype, base) VALUES ('036E0E7D12294B0D9EB574261739EA5C', '0', 'D351EB083EC7E8C4891CD7B25B1E274E', now(), now(), 1, 'List', 'LIST', 0);
INSERT INTO ad_reference (id_reference, id_client, id_module, created, updated, active, name, rtype, base) VALUES ('3E8D4539BD0811E4A564BC5FF4671DB4', '0', 'D351EB083EC7E8C4891CD7B25B1E274E', now(), now(), 1, 'Integer', 'INTEGER', 0);
INSERT INTO ad_reference (id_reference, id_client, id_module, created, updated, active, name, rtype, base) VALUES ('4F6DD8A5BD0811E4A564BC5FF4671DB4', '0', 'D351EB083EC7E8C4891CD7B25B1E274E', now(), now(), 1, 'Number', 'NUMBER', 0);
INSERT INTO ad_reference (id_reference, id_client, id_module, created, updated, active, name, rtype, base) VALUES ('51C849B7BD0911E4A564BC5FF4671DB4', '0', 'D351EB083EC7E8C4891CD7B25B1E274E', now(), now(), 1, 'Date', 'DATE', 0);
INSERT INTO ad_reference (id_reference, id_client, id_module, created, updated, active, name, rtype, base) VALUES ('56F03512BD0811E4A564BC5FF4671DB4', '0', 'D351EB083EC7E8C4891CD7B25B1E274E', now(), now(), 1, 'String', 'STRING', 0);
INSERT INTO ad_reference (id_reference, id_client, id_module, created, updated, active, name, rtype, base) VALUES ('5C407AC9BD0911E4A564BC5FF4671DB4', '0', 'D351EB083EC7E8C4891CD7B25B1E274E', now(), now(), 1, 'Timestamp', 'TIMESTAMP', 0);
INSERT INTO ad_reference (id_reference, id_client, id_module, created, updated, active, name, rtype, base) VALUES ('5D05AD9DBD0811E4A564BC5FF4671DB4', '0', 'D351EB083EC7E8C4891CD7B25B1E274E', now(), now(), 1, 'Text', 'TEXT', 0);
INSERT INTO ad_reference (id_reference, id_client, id_module, created, updated, active, name, rtype, base) VALUES ('62F56A31BD0911E4A564BC5FF4671DB4', '0', 'D351EB083EC7E8C4891CD7B25B1E274E', now(), now(), 1, 'Yes/No', 'YESNO', 0);
INSERT INTO ad_reference (id_reference, id_client, id_module, created, updated, active, name, rtype, base) VALUES ('6928C536BD0911E4A564BC5FF4671DB4', '0', 'D351EB083EC7E8C4891CD7B25B1E274E', now(), now(), 1, 'Color selector', 'COLOR', 0);
INSERT INTO ad_reference (id_reference, id_client, id_module, created, updated, active, name, rtype, base) VALUES ('6F4C373EBD0911E4A564BC5FF4671DB4', '0', 'D351EB083EC7E8C4891CD7B25B1E274E', now(), now(), 1, 'Button', 'BUTTON', 0);
INSERT INTO ad_reference (id_reference, id_client, id_module, created, updated, active, name, rtype, base) VALUES ('7BFD703ABD0911E4A564BC5FF4671DB4', '0', 'D351EB083EC7E8C4891CD7B25B1E274E', now(), now(), 1, 'Image', 'IMAGE', 0);
INSERT INTO ad_reference (id_reference, id_client, id_module, created, updated, active, name, rtype, base) VALUES ('82616836BD0911E4A564BC5FF4671DB4', '0', 'D351EB083EC7E8C4891CD7B25B1E274E', now(), now(), 1, 'File', 'FILE', 0);
INSERT INTO ad_reference (id_reference, id_client, id_module, created, updated, active, name, rtype, base) VALUES ('8765F463BD0911E4A564BC5FF4671DB4', '0', 'D351EB083EC7E8C4891CD7B25B1E274E', now(), now(), 1, 'HTML Editor', 'HTML', 0);
INSERT INTO ad_reference (id_reference, id_client, id_module, created, updated, active, name, rtype, base) VALUES ('8DB8794BBD0911E4A564BC5FF4671DB4', '0', 'D351EB083EC7E8C4891CD7B25B1E274E', now(), now(), 1, 'Password', 'PASSWORD', 0);
INSERT INTO ad_reference (id_reference, id_client, id_module, created, updated, active, name, rtype, base) VALUES ('9B17B5448B9A4E15BBCE96EE17B0CF85', '0', 'D351EB083EC7E8C4891CD7B25B1E274E', now(), now(), 1, 'E-Mail', 'EMAIL', 0);
INSERT INTO ad_reference (id_reference, id_client, id_module, created, updated, active, name, rtype, base) VALUES ('A05ACA9B2E1A435CA2829CD738279502', '0', 'D351EB083EC7E8C4891CD7B25B1E274E', now(), now(), 1, 'Table', 'TABLE', 0);
INSERT INTO ad_reference (id_reference, id_client, id_module, created, updated, active, name, rtype, base) VALUES ('A05ACA9B2E1A435CA2829CD738279503', '0', 'D351EB083EC7E8C4891CD7B25B1E274E', now(), now(), 1, 'Table Direct', 'TABLEDIR', 0);
INSERT INTO ad_reference (id_reference, id_client, id_module, created, updated, active, name, rtype, base) VALUES ('D44DF6BE72EC49A2855C7C08323B0285', '0', 'D351EB083EC7E8C4891CD7B25B1E274E', now(), now(), 1, 'Search', 'SEARCH', 0);
INSERT INTO ad_reference (id_reference, id_client, id_module, created, updated, active, name, rtype, base) VALUES ('6F4C373EBD0911E4A564BC5FF4671DB6', '0', 'D351EB083EC7E8C4891CD7B25B1E274E', now(), now(), 1, 'Button - Table: Load columns', 'BUTTON', 0);
INSERT INTO ad_reference (id_reference, id_client, id_module, created, updated, active, name, rtype, base) VALUES ('6F4C373EBD0911E4A564BC5FF4671DB5', '0', 'D351EB083EC7E8C4891CD7B25B1E274E', now(), now(), 1, 'Button - Table: CRUD Generator', 'BUTTON', 0);

INSERT INTO ad_column (id_column, id_client, id_module, created, updated, active, id_table, id_reference, name, ctype, seqno, primary_key, mandatory, csource) VALUES ('F364C5AA082B0C5D82C55EF061C945F3', '0', 'D351EB083EC7E8C4891CD7B25B1E274E', now(), now(), 1, 'ff80808150dba1800150dba69dee0018', 'A05ACA9B2E1A435CA2829CD738279502', 'id_val_rule', 'STRING', 270, 0, 0, 'DATABASE)');
INSERT INTO ad_column (id_column, id_client, id_module, created, updated, active, id_table, id_reference, name, ctype, seqno, primary_key, mandatory, csource) VALUES ('ff8080815092f7b5015093106e530001', '0', 'D351EB083EC7E8C4891CD7B25B1E274E', now(), now(), 1, 'ff8080815092f7b5015092faa2970000', '56F03512BD0811E4A564BC5FF4671DB4', 'id_role', 'STRING', 10, 1, 1, 'DATABASE)');
INSERT INTO ad_column (id_column, id_client, id_module, created, updated, active, id_table, id_reference, name, ctype, seqno, primary_key, mandatory, csource) VALUES ('ff8080815092f7b5015093106e640002', '0', 'D351EB083EC7E8C4891CD7B25B1E274E', now(), now(), 1, 'ff8080815092f7b5015092faa2970000', 'A05ACA9B2E1A435CA2829CD738279503', 'id_client', 'STRING', 20, 0, 1, 'DATABASE)');
INSERT INTO ad_column (id_column, id_client, id_module, created, updated, active, id_table, id_reference, name, ctype, seqno, primary_key, mandatory, csource) VALUES ('ff8080815092f7b5015093106e6e0003', '0', 'D351EB083EC7E8C4891CD7B25B1E274E', now(), now(), 1, 'ff8080815092f7b5015092faa2970000', '51C849B7BD0911E4A564BC5FF4671DB4', 'created', 'DATE', 30, 0, 1, 'DATABASE)');
INSERT INTO ad_column (id_column, id_client, id_module, created, updated, active, id_table, id_reference, name, ctype, seqno, primary_key, mandatory, csource) VALUES ('ff8080815092f7b5015093106e740004', '0', 'D351EB083EC7E8C4891CD7B25B1E274E', now(), now(), 1, 'ff8080815092f7b5015092faa2970000', '51C849B7BD0911E4A564BC5FF4671DB4', 'updated', 'DATE', 40, 0, 1, 'DATABASE)');
INSERT INTO ad_column (id_column, id_client, id_module, created, updated, active, id_table, id_reference, name, ctype, seqno, primary_key, mandatory, csource) VALUES ('ff8080815092f7b5015093106e7a0005', '0', 'D351EB083EC7E8C4891CD7B25B1E274E', now(), now(), 1, 'ff8080815092f7b5015092faa2970000', '62F56A31BD0911E4A564BC5FF4671DB4', 'active', 'BOOLEAN', 50, 0, 1, 'DATABASE)');
INSERT INTO ad_column (id_column, id_client, id_module, created, updated, active, id_table, id_reference, name, ctype, seqno, primary_key, mandatory, csource) VALUES ('ff8080815092f7b5015093106e810006', '0', 'D351EB083EC7E8C4891CD7B25B1E274E', now(), now(), 1, 'ff8080815092f7b5015092faa2970000', '56F03512BD0811E4A564BC5FF4671DB4', 'name', 'STRING', 60, 0, 1, 'DATABASE)');
INSERT INTO ad_column (id_column, id_client, id_module, created, updated, active, id_table, id_reference, name, ctype, seqno, primary_key, mandatory, csource) VALUES ('ff8080815092f7b5015093106e880007', '0', 'D351EB083EC7E8C4891CD7B25B1E274E', now(), now(), 1, 'ff8080815092f7b5015092faa2970000', '56F03512BD0811E4A564BC5FF4671DB4', 'description', 'STRING', 70, 0, 1, 'DATABASE)');
INSERT INTO ad_column (id_column, id_client, id_module, created, updated, active, id_table, id_reference, name, ctype, seqno, primary_key, mandatory, csource) VALUES ('ff80808150dba1800150dba5d2a20001', '0', 'D351EB083EC7E8C4891CD7B25B1E274E', now(), now(), 1, 'ff80808150dba1800150dba5c2c10000', '56F03512BD0811E4A564BC5FF4671DB4', 'id_reference', 'STRING', 10, 1, 1, 'DATABASE)');
INSERT INTO ad_column (id_column, id_client, id_module, created, updated, active, id_table, id_reference, name, ctype, seqno, primary_key, mandatory, csource) VALUES ('ff80808150dba1800150dba5d2b40002', '0', 'D351EB083EC7E8C4891CD7B25B1E274E', now(), now(), 1, 'ff80808150dba1800150dba5c2c10000', 'A05ACA9B2E1A435CA2829CD738279503', 'id_client', 'STRING', 20, 0, 1, 'DATABASE)');
INSERT INTO ad_column (id_column, id_client, id_module, created, updated, active, id_table, id_reference, name, ctype, seqno, primary_key, mandatory, csource) VALUES ('ff80808150dba1800150dba5d2c20003', '0', 'D351EB083EC7E8C4891CD7B25B1E274E', now(), now(), 1, 'ff80808150dba1800150dba5c2c10000', 'A05ACA9B2E1A435CA2829CD738279503', 'id_module', 'STRING', 30, 0, 1, 'DATABASE)');
INSERT INTO ad_column (id_column, id_client, id_module, created, updated, active, id_table, id_reference, name, ctype, seqno, primary_key, mandatory, csource) VALUES ('ff80808150dba1800150dba5d2ca0004', '0', 'D351EB083EC7E8C4891CD7B25B1E274E', now(), now(), 1, 'ff80808150dba1800150dba5c2c10000', '51C849B7BD0911E4A564BC5FF4671DB4', 'created', 'DATE', 40, 0, 1, 'DATABASE)');
INSERT INTO ad_column (id_column, id_client, id_module, created, updated, active, id_table, id_reference, name, ctype, seqno, primary_key, mandatory, csource) VALUES ('ff80808150dba1800150dba5d2d30005', '0', 'D351EB083EC7E8C4891CD7B25B1E274E', now(), now(), 1, 'ff80808150dba1800150dba5c2c10000', '51C849B7BD0911E4A564BC5FF4671DB4', 'updated', 'DATE', 50, 0, 1, 'DATABASE)');
INSERT INTO ad_column (id_column, id_client, id_module, created, updated, active, id_table, id_reference, name, ctype, seqno, primary_key, mandatory, csource) VALUES ('ff80808150dba1800150dba5d2dc0006', '0', 'D351EB083EC7E8C4891CD7B25B1E274E', now(), now(), 1, 'ff80808150dba1800150dba5c2c10000', '62F56A31BD0911E4A564BC5FF4671DB4', 'active', 'BOOLEAN', 60, 0, 1, 'DATABASE)');
INSERT INTO ad_column (id_column, id_client, id_module, created, updated, active, id_table, id_reference, name, ctype, seqno, primary_key, mandatory, csource) VALUES ('ff80808150dba1800150dba5d2e60007', '0', 'D351EB083EC7E8C4891CD7B25B1E274E', now(), now(), 1, 'ff80808150dba1800150dba5c2c10000', '56F03512BD0811E4A564BC5FF4671DB4', 'name', 'STRING', 70, 0, 1, 'DATABASE)');
INSERT INTO ad_column (id_column, id_client, id_module, created, updated, active, id_table, id_reference, name, ctype, seqno, primary_key, mandatory, csource) VALUES ('ff80808150dba1800150dba5d2ef0008', '0', 'D351EB083EC7E8C4891CD7B25B1E274E', now(), now(), 1, 'ff80808150dba1800150dba5c2c10000', 'A05ACA9B2E1A435CA2829CD738279503', 'rtype', 'STRING', 80, 0, 1, 'DATABASE)');
INSERT INTO ad_column (id_column, id_client, id_module, created, updated, active, id_table, id_reference, name, ctype, seqno, primary_key, mandatory, csource) VALUES ('ff80808150dba1800150dba5d2f60009', '0', 'D351EB083EC7E8C4891CD7B25B1E274E', now(), now(), 1, 'ff80808150dba1800150dba5c2c10000', '62F56A31BD0911E4A564BC5FF4671DB4', 'base', 'BOOLEAN', 90, 0, 1, 'DATABASE)');
INSERT INTO ad_column (id_column, id_client, id_module, created, updated, active, id_table, id_reference, name, ctype, seqno, primary_key, mandatory, csource) VALUES ('ff80808150dba1800150dba627c7000b', '0', 'D351EB083EC7E8C4891CD7B25B1E274E', now(), now(), 1, 'ff80808150dba1800150dba621c8000a', '56F03512BD0811E4A564BC5FF4671DB4', 'id_table', 'STRING', 10, 1, 1, 'DATABASE)');
INSERT INTO ad_column (id_column, id_client, id_module, created, updated, active, id_table, id_reference, name, ctype, seqno, primary_key, mandatory, csource) VALUES ('ff80808150dba1800150dba627c700b1', '0', 'D351EB083EC7E8C4891CD7B25B1E274E', now(), now(), 1, 'ff80808150dba1800150dba621c8000a', '6F4C373EBD0911E4A564BC5FF4671DB6', 'btn_colums', 'STRING', 1010, 0, 0, 'BUTTON)');
INSERT INTO ad_column (id_column, id_client, id_module, created, updated, active, id_table, id_reference, name, ctype, seqno, primary_key, mandatory, csource) VALUES ('ff80808150dba1800150dba627c700b2', '0', 'D351EB083EC7E8C4891CD7B25B1E274E', now(), now(), 1, 'ff80808150dba1800150dba621c8000a', '6F4C373EBD0911E4A564BC5FF4671DB5', 'btn_crud', 'STRING', 1000, 0, 0, 'BUTTON)');
INSERT INTO ad_column (id_column, id_client, id_module, created, updated, active, id_table, id_reference, name, ctype, seqno, primary_key, mandatory, csource) VALUES ('ff80808150dba1800150dba627cf000c', '0', 'D351EB083EC7E8C4891CD7B25B1E274E', now(), now(), 1, 'ff80808150dba1800150dba621c8000a', 'A05ACA9B2E1A435CA2829CD738279503', 'id_client', 'STRING', 20, 0, 1, 'DATABASE)');
INSERT INTO ad_column (id_column, id_client, id_module, created, updated, active, id_table, id_reference, name, ctype, seqno, primary_key, mandatory, csource) VALUES ('ff80808150dba1800150dba627d7000d', '0', 'D351EB083EC7E8C4891CD7B25B1E274E', now(), now(), 1, 'ff80808150dba1800150dba621c8000a', '51C849B7BD0911E4A564BC5FF4671DB4', 'created', 'DATE', 30, 0, 1, 'DATABASE)');
INSERT INTO ad_column (id_column, id_client, id_module, created, updated, active, id_table, id_reference, name, ctype, seqno, primary_key, mandatory, csource) VALUES ('ff80808150dba1800150dba627e0000e', '0', 'D351EB083EC7E8C4891CD7B25B1E274E', now(), now(), 1, 'ff80808150dba1800150dba621c8000a', '51C849B7BD0911E4A564BC5FF4671DB4', 'updated', 'DATE', 40, 0, 1, 'DATABASE)');
INSERT INTO ad_column (id_column, id_client, id_module, created, updated, active, id_table, id_reference, name, ctype, seqno, primary_key, mandatory, csource) VALUES ('ff80808150dba1800150dba627e9000f', '0', 'D351EB083EC7E8C4891CD7B25B1E274E', now(), now(), 1, 'ff80808150dba1800150dba621c8000a', '62F56A31BD0911E4A564BC5FF4671DB4', 'active', 'BOOLEAN', 50, 0, 1, 'DATABASE)');
INSERT INTO ad_column (id_column, id_client, id_module, created, updated, active, id_table, id_reference, name, ctype, seqno, primary_key, mandatory, csource) VALUES ('ff80808150dba1800150dba627f10010', '0', 'D351EB083EC7E8C4891CD7B25B1E274E', now(), now(), 1, 'ff80808150dba1800150dba621c8000a', 'A05ACA9B2E1A435CA2829CD738279503', 'id_module', 'STRING', 60, 0, 1, 'DATABASE)');
INSERT INTO ad_column (id_column, id_client, id_module, created, updated, active, id_table, id_reference, name, ctype, seqno, primary_key, mandatory, csource) VALUES ('ff80808150dba1800150dba627fb0011', '0', 'D351EB083EC7E8C4891CD7B25B1E274E', now(), now(), 1, 'ff80808150dba1800150dba621c8000a', '56F03512BD0811E4A564BC5FF4671DB4', 'name', 'STRING', 70, 0, 1, 'DATABASE)');
INSERT INTO ad_column (id_column, id_client, id_module, created, updated, active, id_table, id_reference, name, ctype, seqno, primary_key, mandatory, csource) VALUES ('ff80808150dba1800150dba628030012', '0', 'D351EB083EC7E8C4891CD7B25B1E274E', now(), now(), 1, 'ff80808150dba1800150dba621c8000a', '036E0E7D12294B0D9EB574261739EA5C', 'data_origin', 'STRING', 80, 0, 1, 'DATABASE)');
INSERT INTO ad_column (id_column, id_client, id_module, created, updated, active, id_table, id_reference, name, ctype, seqno, primary_key, mandatory, csource) VALUES ('ff80808150dba1800150dba6280a0013', '0', 'D351EB083EC7E8C4891CD7B25B1E274E', now(), now(), 1, 'ff80808150dba1800150dba621c8000a', '62F56A31BD0911E4A564BC5FF4671DB4', 'isview', 'BOOLEAN', 90, 0, 1, 'DATABASE)');
INSERT INTO ad_column (id_column, id_client, id_module, created, updated, active, id_table, id_reference, name, ctype, seqno, primary_key, mandatory, csource) VALUES ('ff80808150dba1800150dba628110014', '0', 'D351EB083EC7E8C4891CD7B25B1E274E', now(), now(), 1, 'ff80808150dba1800150dba621c8000a', '3E8D4539BD0811E4A564BC5FF4671DB4', 'seqno', 'INTEGER', 100, 0, 0, 'DATABASE)');
INSERT INTO ad_column (id_column, id_client, id_module, created, updated, active, id_table, id_reference, name, ctype, seqno, primary_key, mandatory, csource) VALUES ('ff80808150dba1800150dba628190015', '0', 'D351EB083EC7E8C4891CD7B25B1E274E', now(), now(), 1, 'ff80808150dba1800150dba621c8000a', '3E8D4539BD0811E4A564BC5FF4671DB4', 'version', 'INTEGER', 110, 0, 0, 'DATABASE)');
INSERT INTO ad_column (id_column, id_client, id_module, created, updated, active, id_table, id_reference, name, ctype, seqno, primary_key, mandatory, csource) VALUES ('ff80808150dba1800150dba628200016', '0', 'D351EB083EC7E8C4891CD7B25B1E274E', now(), now(), 1, 'ff80808150dba1800150dba621c8000a', '5D05AD9DBD0811E4A564BC5FF4671DB4', 'sql', 'STRING', 120, 0, 0, 'DATABASE)');
INSERT INTO ad_column (id_column, id_client, id_module, created, updated, active, id_table, id_reference, name, ctype, seqno, primary_key, mandatory, csource) VALUES ('ff80808150dba1800150dba628270017', '0', 'D351EB083EC7E8C4891CD7B25B1E274E', now(), now(), 1, 'ff80808150dba1800150dba621c8000a', '3E8D4539BD0811E4A564BC5FF4671DB4', 'seqno_update', 'INTEGER', 130, 0, 0, 'DATABASE)');
INSERT INTO ad_column (id_column, id_client, id_module, created, updated, active, id_table, id_reference, name, ctype, seqno, primary_key, mandatory, csource) VALUES ('ff80808150dba1800150dba628270018', '0', 'D351EB083EC7E8C4891CD7B25B1E274E', now(), now(), 1, 'ff80808150dba1800150dba621c8000a', '62F56A31BD0911E4A564BC5FF4671DB4', 'export_data', 'BOOLEAN', 140, 0, 1, 'DATABASE)');
INSERT INTO ad_column (id_column, id_client, id_module, created, updated, active, id_table, id_reference, name, ctype, seqno, primary_key, mandatory, csource) VALUES ('ff80808150dba1800150dba6b2530019', '0', 'D351EB083EC7E8C4891CD7B25B1E274E', now(), now(), 1, 'ff80808150dba1800150dba69dee0018', '56F03512BD0811E4A564BC5FF4671DB4', 'id_column', 'STRING', 10, 1, 1, 'DATABASE)');
INSERT INTO ad_column (id_column, id_client, id_module, created, updated, active, id_table, id_reference, name, ctype, seqno, primary_key, mandatory, csource) VALUES ('ff80808150dba1800150dba6b25b001a', '0', 'D351EB083EC7E8C4891CD7B25B1E274E', now(), now(), 1, 'ff80808150dba1800150dba69dee0018', 'A05ACA9B2E1A435CA2829CD738279503', 'id_client', 'STRING', 20, 0, 1, 'DATABASE)');
INSERT INTO ad_column (id_column, id_client, id_module, created, updated, active, id_table, id_reference, name, ctype, seqno, primary_key, mandatory, csource) VALUES ('ff80808150dba1800150dba6b261001b', '0', 'D351EB083EC7E8C4891CD7B25B1E274E', now(), now(), 1, 'ff80808150dba1800150dba69dee0018', 'A05ACA9B2E1A435CA2829CD738279503', 'id_module', 'STRING', 30, 0, 1, 'DATABASE)');
INSERT INTO ad_column (id_column, id_client, id_module, created, updated, active, id_table, id_reference, name, ctype, seqno, primary_key, mandatory, csource) VALUES ('ff80808150dba1800150dba6b268001c', '0', 'D351EB083EC7E8C4891CD7B25B1E274E', now(), now(), 1, 'ff80808150dba1800150dba69dee0018', '51C849B7BD0911E4A564BC5FF4671DB4', 'created', 'DATE', 40, 0, 1, 'DATABASE)');
INSERT INTO ad_column (id_column, id_client, id_module, created, updated, active, id_table, id_reference, name, ctype, seqno, primary_key, mandatory, csource) VALUES ('ff80808150dba1800150dba6b26f001d', '0', 'D351EB083EC7E8C4891CD7B25B1E274E', now(), now(), 1, 'ff80808150dba1800150dba69dee0018', '51C849B7BD0911E4A564BC5FF4671DB4', 'updated', 'DATE', 50, 0, 1, 'DATABASE)');
INSERT INTO ad_column (id_column, id_client, id_module, created, updated, active, id_table, id_reference, name, ctype, seqno, primary_key, mandatory, csource) VALUES ('ff80808150dba1800150dba6b276001e', '0', 'D351EB083EC7E8C4891CD7B25B1E274E', now(), now(), 1, 'ff80808150dba1800150dba69dee0018', '62F56A31BD0911E4A564BC5FF4671DB4', 'active', 'BOOLEAN', 60, 0, 1, 'DATABASE)');
INSERT INTO ad_column (id_column, id_client, id_module, created, updated, active, id_table, id_reference, name, ctype, seqno, primary_key, mandatory, csource) VALUES ('ff80808150dba1800150dba6b27e001f', '0', 'D351EB083EC7E8C4891CD7B25B1E274E', now(), now(), 1, 'ff80808150dba1800150dba69dee0018', 'A05ACA9B2E1A435CA2829CD738279502', 'id_table', 'STRING', 70, 0, 1, 'DATABASE)');
INSERT INTO ad_column (id_column, id_client, id_module, created, updated, active, id_table, id_reference, name, ctype, seqno, primary_key, mandatory, csource) VALUES ('ff80808150dba1800150dba6b2850020', '0', 'D351EB083EC7E8C4891CD7B25B1E274E', now(), now(), 1, 'ff80808150dba1800150dba69dee0018', 'A05ACA9B2E1A435CA2829CD738279503', 'id_reference', 'STRING', 80, 0, 1, 'DATABASE)');
INSERT INTO ad_column (id_column, id_client, id_module, created, updated, active, id_table, id_reference, name, ctype, seqno, primary_key, mandatory, csource) VALUES ('ff80808150dba1800150dba6b28e0021', '0', 'D351EB083EC7E8C4891CD7B25B1E274E', now(), now(), 1, 'ff80808150dba1800150dba69dee0018', '56F03512BD0811E4A564BC5FF4671DB4', 'name', 'STRING', 90, 0, 1, 'DATABASE)');
INSERT INTO ad_column (id_column, id_client, id_module, created, updated, active, id_table, id_reference, name, ctype, seqno, primary_key, mandatory, csource) VALUES ('ff80808150dba1800150dba6b2960022', '0', 'D351EB083EC7E8C4891CD7B25B1E274E', now(), now(), 1, 'ff80808150dba1800150dba69dee0018', '036E0E7D12294B0D9EB574261739EA5C', 'ctype', 'STRING', 100, 0, 1, 'DATABASE)');
INSERT INTO ad_column (id_column, id_client, id_module, created, updated, active, id_table, id_reference, name, ctype, seqno, primary_key, mandatory, csource) VALUES ('ff80808150dba1800150dba6b29f0023', '0', 'D351EB083EC7E8C4891CD7B25B1E274E', now(), now(), 1, 'ff80808150dba1800150dba69dee0018', '56F03512BD0811E4A564BC5FF4671DB4', 'cformat', 'STRING', 110, 0, 0, 'DATABASE)');
INSERT INTO ad_column (id_column, id_client, id_module, created, updated, active, id_table, id_reference, name, ctype, seqno, primary_key, mandatory, csource) VALUES ('ff80808150dba1800150dba6b2a60024', '0', 'D351EB083EC7E8C4891CD7B25B1E274E', now(), now(), 1, 'ff80808150dba1800150dba69dee0018', '3E8D4539BD0811E4A564BC5FF4671DB4', 'seqno', 'INTEGER', 120, 0, 0, 'DATABASE)');
INSERT INTO ad_column (id_column, id_client, id_module, created, updated, active, id_table, id_reference, name, ctype, seqno, primary_key, mandatory, csource) VALUES ('ff80808150dba1800150dba6b2af0025', '0', 'D351EB083EC7E8C4891CD7B25B1E274E', now(), now(), 1, 'ff80808150dba1800150dba69dee0018', '62F56A31BD0911E4A564BC5FF4671DB4', 'primary_key', 'BOOLEAN', 130, 0, 1, 'DATABASE)');
INSERT INTO ad_column (id_column, id_client, id_module, created, updated, active, id_table, id_reference, name, ctype, seqno, primary_key, mandatory, csource) VALUES ('ff80808150dba1800150dba6b2b60026', '0', 'D351EB083EC7E8C4891CD7B25B1E274E', now(), now(), 1, 'ff80808150dba1800150dba69dee0018', '62F56A31BD0911E4A564BC5FF4671DB4', 'mandatory', 'BOOLEAN', 140, 0, 1, 'DATABASE)');
INSERT INTO ad_column (id_column, id_client, id_module, created, updated, active, id_table, id_reference, name, ctype, seqno, primary_key, mandatory, csource) VALUES ('ff80808150dba1800150dba6b2bf0027', '0', 'D351EB083EC7E8C4891CD7B25B1E274E', now(), now(), 1, 'ff80808150dba1800150dba69dee0018', '036E0E7D12294B0D9EB574261739EA5C', 'csource', 'STRING', 150, 0, 1, 'DATABASE)');
INSERT INTO ad_column (id_column, id_client, id_module, created, updated, active, id_table, id_reference, name, ctype, seqno, primary_key, mandatory, csource) VALUES ('ff80808150dba1800150dba6b2c60028', '0', 'D351EB083EC7E8C4891CD7B25B1E274E', now(), now(), 1, 'ff80808150dba1800150dba69dee0018', '56F03512BD0811E4A564BC5FF4671DB4', 'csource_value', 'STRING', 160, 0, 0, 'DATABASE)');
INSERT INTO ad_column (id_column, id_client, id_module, created, updated, active, id_table, id_reference, name, ctype, seqno, primary_key, mandatory, csource) VALUES ('ff80808150dba1800150dba6b2ce0029', '0', 'D351EB083EC7E8C4891CD7B25B1E274E', now(), now(), 1, 'ff80808150dba1800150dba69dee0018', '56F03512BD0811E4A564BC5FF4671DB4', 'valuemin', 'STRING', 170, 0, 0, 'DATABASE)');
INSERT INTO ad_column (id_column, id_client, id_module, created, updated, active, id_table, id_reference, name, ctype, seqno, primary_key, mandatory, csource) VALUES ('ff80808150dba1800150dba6b2d6002a', '0', 'D351EB083EC7E8C4891CD7B25B1E274E', now(), now(), 1, 'ff80808150dba1800150dba69dee0018', '56F03512BD0811E4A564BC5FF4671DB4', 'valuemax', 'STRING', 180, 0, 0, 'DATABASE)');
INSERT INTO ad_column (id_column, id_client, id_module, created, updated, active, id_table, id_reference, name, ctype, seqno, primary_key, mandatory, csource) VALUES ('ff80808150dba1800150dba6b2df002b', '0', 'D351EB083EC7E8C4891CD7B25B1E274E', now(), now(), 1, 'ff80808150dba1800150dba69dee0018', '56F03512BD0811E4A564BC5FF4671DB4', 'valuedefault', 'STRING', 190, 0, 0, 'DATABASE)');
INSERT INTO ad_column (id_column, id_client, id_module, created, updated, active, id_table, id_reference, name, ctype, seqno, primary_key, mandatory, csource) VALUES ('ff80808150dba1800150dba6b2e7002c', '0', 'D351EB083EC7E8C4891CD7B25B1E274E', now(), now(), 1, 'ff80808150dba1800150dba69dee0018', '56F03512BD0811E4A564BC5FF4671DB4', 'readonlylogic', 'STRING', 200, 0, 0, 'DATABASE)');
INSERT INTO ad_column (id_column, id_client, id_module, created, updated, active, id_table, id_reference, name, ctype, seqno, primary_key, mandatory, csource) VALUES ('ff80808150dba1800150dba6b2f0002d', '0', 'D351EB083EC7E8C4891CD7B25B1E274E', now(), now(), 1, 'ff80808150dba1800150dba69dee0018', '62F56A31BD0911E4A564BC5FF4671DB4', 'showinsearch', 'BOOLEAN', 210, 0, 0, 'DATABASE)');
INSERT INTO ad_column (id_column, id_client, id_module, created, updated, active, id_table, id_reference, name, ctype, seqno, primary_key, mandatory, csource) VALUES ('ff80808150dba1800150dba6b2f8002e', '0', 'D351EB083EC7E8C4891CD7B25B1E274E', now(), now(), 1, 'ff80808150dba1800150dba69dee0018', '62F56A31BD0911E4A564BC5FF4671DB4', 'groupedsearch', 'BOOLEAN', 220, 0, 0, 'DATABASE)');
INSERT INTO ad_column (id_column, id_client, id_module, created, updated, active, id_table, id_reference, name, ctype, seqno, primary_key, mandatory, csource) VALUES ('ff80808150dba1800150dbbba3ec0030', '0', 'D351EB083EC7E8C4891CD7B25B1E274E', now(), now(), 1, 'ff80808150dba1800150dbbb9631002f', '56F03512BD0811E4A564BC5FF4671DB4', 'id_process', 'STRING', 10, 1, 1, 'DATABASE)');
INSERT INTO ad_column (id_column, id_client, id_module, created, updated, active, id_table, id_reference, name, ctype, seqno, primary_key, mandatory, csource) VALUES ('ff80808150dba1800150dbbba3f60031', '0', 'D351EB083EC7E8C4891CD7B25B1E274E', now(), now(), 1, 'ff80808150dba1800150dbbb9631002f', 'A05ACA9B2E1A435CA2829CD738279503', 'id_client', 'STRING', 20, 0, 1, 'DATABASE)');
INSERT INTO ad_column (id_column, id_client, id_module, created, updated, active, id_table, id_reference, name, ctype, seqno, primary_key, mandatory, csource) VALUES ('ff80808150dba1800150dbbba3fe0032', '0', 'D351EB083EC7E8C4891CD7B25B1E274E', now(), now(), 1, 'ff80808150dba1800150dbbb9631002f', 'A05ACA9B2E1A435CA2829CD738279503', 'id_module', 'STRING', 30, 0, 1, 'DATABASE)');
INSERT INTO ad_column (id_column, id_client, id_module, created, updated, active, id_table, id_reference, name, ctype, seqno, primary_key, mandatory, csource) VALUES ('ff80808150dba1800150dbbba4050033', '0', 'D351EB083EC7E8C4891CD7B25B1E274E', now(), now(), 1, 'ff80808150dba1800150dbbb9631002f', '51C849B7BD0911E4A564BC5FF4671DB4', 'created', 'DATE', 40, 0, 1, 'DATABASE)');
INSERT INTO ad_column (id_column, id_client, id_module, created, updated, active, id_table, id_reference, name, ctype, seqno, primary_key, mandatory, csource) VALUES ('ff80808150dba1800150dbbba40c0034', '0', 'D351EB083EC7E8C4891CD7B25B1E274E', now(), now(), 1, 'ff80808150dba1800150dbbb9631002f', '51C849B7BD0911E4A564BC5FF4671DB4', 'updated', 'DATE', 50, 0, 1, 'DATABASE)');
INSERT INTO ad_column (id_column, id_client, id_module, created, updated, active, id_table, id_reference, name, ctype, seqno, primary_key, mandatory, csource) VALUES ('ff80808150dba1800150dbbba4130035', '0', 'D351EB083EC7E8C4891CD7B25B1E274E', now(), now(), 1, 'ff80808150dba1800150dbbb9631002f', '62F56A31BD0911E4A564BC5FF4671DB4', 'active', 'BOOLEAN', 60, 0, 1, 'DATABASE)');
INSERT INTO ad_column (id_column, id_client, id_module, created, updated, active, id_table, id_reference, name, ctype, seqno, primary_key, mandatory, csource) VALUES ('ff80808150dba1800150dbbba4190036', '0', 'D351EB083EC7E8C4891CD7B25B1E274E', now(), now(), 1, 'ff80808150dba1800150dbbb9631002f', '56F03512BD0811E4A564BC5FF4671DB4', 'name', 'STRING', 70, 0, 1, 'DATABASE)');
INSERT INTO ad_column (id_column, id_client, id_module, created, updated, active, id_table, id_reference, name, ctype, seqno, primary_key, mandatory, csource) VALUES ('ff80808150dba1800150dbbba4240037', '0', 'D351EB083EC7E8C4891CD7B25B1E274E', now(), now(), 1, 'ff80808150dba1800150dbbb9631002f', '56F03512BD0811E4A564BC5FF4671DB4', 'description', 'STRING', 80, 0, 0, 'DATABASE)');
INSERT INTO ad_column (id_column, id_client, id_module, created, updated, active, id_table, id_reference, name, ctype, seqno, primary_key, mandatory, csource) VALUES ('ff80808150dba1800150dbbba42a0038', '0', 'D351EB083EC7E8C4891CD7B25B1E274E', now(), now(), 1, 'ff80808150dba1800150dbbb9631002f', '036E0E7D12294B0D9EB574261739EA5C', 'ptype', 'STRING', 90, 0, 1, 'DATABASE)');
INSERT INTO ad_column (id_column, id_client, id_module, created, updated, active, id_table, id_reference, name, ctype, seqno, primary_key, mandatory, csource) VALUES ('ff80808150dba1800150dbbba42f0039', '0', 'D351EB083EC7E8C4891CD7B25B1E274E', now(), now(), 1, 'ff80808150dba1800150dbbb9631002f', '56F03512BD0811E4A564BC5FF4671DB4', 'classname', 'STRING', 100, 0, 0, 'DATABASE)');
INSERT INTO ad_column (id_column, id_client, id_module, created, updated, active, id_table, id_reference, name, ctype, seqno, primary_key, mandatory, csource) VALUES ('ff80808150dba1800150dbbba435003a', '0', 'D351EB083EC7E8C4891CD7B25B1E274E', now(), now(), 1, 'ff80808150dba1800150dbbb9631002f', '56F03512BD0811E4A564BC5FF4671DB4', 'classmethod', 'STRING', 110, 0, 0, 'DATABASE)');
INSERT INTO ad_column (id_column, id_client, id_module, created, updated, active, id_table, id_reference, name, ctype, seqno, primary_key, mandatory, csource) VALUES ('ff80808150dba1800150dbbba43a003b', '0', 'D351EB083EC7E8C4891CD7B25B1E274E', now(), now(), 1, 'ff80808150dba1800150dbbb9631002f', '62F56A31BD0911E4A564BC5FF4671DB4', 'background', 'BOOLEAN', 120, 0, 1, 'DATABASE)');
INSERT INTO ad_column (id_column, id_client, id_module, created, updated, active, id_table, id_reference, name, ctype, seqno, primary_key, mandatory, csource) VALUES ('ff80808150dba1800150dbbba441003c', '0', 'D351EB083EC7E8C4891CD7B25B1E274E', now(), now(), 1, 'ff80808150dba1800150dbbb9631002f', '036E0E7D12294B0D9EB574261739EA5C', 'uipattern', 'STRING', 130, 0, 1, 'DATABASE)');
INSERT INTO ad_column (id_column, id_client, id_module, created, updated, active, id_table, id_reference, name, ctype, seqno, primary_key, mandatory, csource) VALUES ('ff80808150dba1800150dbbba446003d', '0', 'D351EB083EC7E8C4891CD7B25B1E274E', now(), now(), 1, 'ff80808150dba1800150dbbb9631002f', '56F03512BD0811E4A564BC5FF4671DB4', 'jrxml', 'STRING', 140, 0, 0, 'DATABASE)');
INSERT INTO ad_column (id_column, id_client, id_module, created, updated, active, id_table, id_reference, name, ctype, seqno, primary_key, mandatory, csource) VALUES ('ff80808150dba1800150dbbba44c003e', '0', 'D351EB083EC7E8C4891CD7B25B1E274E', now(), now(), 1, 'ff80808150dba1800150dbbb9631002f', '56F03512BD0811E4A564BC5FF4671DB4', 'jrxml_excel', 'STRING', 150, 0, 0, 'DATABASE)');
INSERT INTO ad_column (id_column, id_client, id_module, created, updated, active, id_table, id_reference, name, ctype, seqno, primary_key, mandatory, csource) VALUES ('ff80808150dba1800150dbbba451003f', '0', 'D351EB083EC7E8C4891CD7B25B1E274E', now(), now(), 1, 'ff80808150dba1800150dbbb9631002f', '56F03512BD0811E4A564BC5FF4671DB4', 'jrxml_word', 'STRING', 160, 0, 0, 'DATABASE)');
INSERT INTO ad_column (id_column, id_client, id_module, created, updated, active, id_table, id_reference, name, ctype, seqno, primary_key, mandatory, csource) VALUES ('ff80808150dba1800150dbbba4580040', '0', 'D351EB083EC7E8C4891CD7B25B1E274E', now(), now(), 1, 'ff80808150dba1800150dbbb9631002f', '62F56A31BD0911E4A564BC5FF4671DB4', 'pdf', 'BOOLEAN', 170, 0, 0, 'DATABASE)');
INSERT INTO ad_column (id_column, id_client, id_module, created, updated, active, id_table, id_reference, name, ctype, seqno, primary_key, mandatory, csource) VALUES ('ff80808150dba1800150dbbba45d0041', '0', 'D351EB083EC7E8C4891CD7B25B1E274E', now(), now(), 1, 'ff80808150dba1800150dbbb9631002f', '62F56A31BD0911E4A564BC5FF4671DB4', 'excel', 'BOOLEAN', 180, 0, 0, 'DATABASE)');
INSERT INTO ad_column (id_column, id_client, id_module, created, updated, active, id_table, id_reference, name, ctype, seqno, primary_key, mandatory, csource) VALUES ('ff80808150dba1800150dbbba4630042', '0', 'D351EB083EC7E8C4891CD7B25B1E274E', now(), now(), 1, 'ff80808150dba1800150dbbb9631002f', '62F56A31BD0911E4A564BC5FF4671DB4', 'html', 'BOOLEAN', 190, 0, 0, 'DATABASE)');
INSERT INTO ad_column (id_column, id_client, id_module, created, updated, active, id_table, id_reference, name, ctype, seqno, primary_key, mandatory, csource) VALUES ('ff80808150dba1800150dbbba4690043', '0', 'D351EB083EC7E8C4891CD7B25B1E274E', now(), now(), 1, 'ff80808150dba1800150dbbb9631002f', '62F56A31BD0911E4A564BC5FF4671DB4', 'word', 'BOOLEAN', 200, 0, 0, 'DATABASE)');
INSERT INTO ad_column (id_column, id_client, id_module, created, updated, active, id_table, id_reference, name, ctype, seqno, primary_key, mandatory, csource) VALUES ('ff80808150dba1800150dbbba46e0044', '0', 'D351EB083EC7E8C4891CD7B25B1E274E', now(), now(), 1, 'ff80808150dba1800150dbbb9631002f', '3E8D4539BD0811E4A564BC5FF4671DB4', 'seqno', 'INTEGER', 210, 0, 0, 'DATABASE)');
INSERT INTO ad_column (id_column, id_client, id_module, created, updated, active, id_table, id_reference, name, ctype, seqno, primary_key, mandatory, csource) VALUES ('ff80808150dba1800150dbc000470046', '0', 'D351EB083EC7E8C4891CD7B25B1E274E', now(), now(), 1, 'ff80808150dba1800150dbbff03d0045', '56F03512BD0811E4A564BC5FF4671DB4', 'id_process_param', 'STRING', 10, 1, 1, 'DATABASE)');
INSERT INTO ad_column (id_column, id_client, id_module, created, updated, active, id_table, id_reference, name, ctype, seqno, primary_key, mandatory, csource) VALUES ('ff80808150dba1800150dbc0004e0047', '0', 'D351EB083EC7E8C4891CD7B25B1E274E', now(), now(), 1, 'ff80808150dba1800150dbbff03d0045', 'A05ACA9B2E1A435CA2829CD738279503', 'id_client', 'STRING', 20, 0, 1, 'DATABASE)');
INSERT INTO ad_column (id_column, id_client, id_module, created, updated, active, id_table, id_reference, name, ctype, seqno, primary_key, mandatory, csource) VALUES ('ff80808150dba1800150dbc000540048', '0', 'D351EB083EC7E8C4891CD7B25B1E274E', now(), now(), 1, 'ff80808150dba1800150dbbff03d0045', 'A05ACA9B2E1A435CA2829CD738279503', 'id_module', 'STRING', 30, 0, 1, 'DATABASE)');
INSERT INTO ad_column (id_column, id_client, id_module, created, updated, active, id_table, id_reference, name, ctype, seqno, primary_key, mandatory, csource) VALUES ('ff80808150dba1800150dbc0005a0049', '0', 'D351EB083EC7E8C4891CD7B25B1E274E', now(), now(), 1, 'ff80808150dba1800150dbbff03d0045', '51C849B7BD0911E4A564BC5FF4671DB4', 'created', 'DATE', 40, 0, 1, 'DATABASE)');
INSERT INTO ad_column (id_column, id_client, id_module, created, updated, active, id_table, id_reference, name, ctype, seqno, primary_key, mandatory, csource) VALUES ('ff80808150dba1800150dbc00060004a', '0', 'D351EB083EC7E8C4891CD7B25B1E274E', now(), now(), 1, 'ff80808150dba1800150dbbff03d0045', '51C849B7BD0911E4A564BC5FF4671DB4', 'updated', 'DATE', 50, 0, 1, 'DATABASE)');
INSERT INTO ad_column (id_column, id_client, id_module, created, updated, active, id_table, id_reference, name, ctype, seqno, primary_key, mandatory, csource) VALUES ('ff80808150dba1800150dbc00066004b', '0', 'D351EB083EC7E8C4891CD7B25B1E274E', now(), now(), 1, 'ff80808150dba1800150dbbff03d0045', '62F56A31BD0911E4A564BC5FF4671DB4', 'active', 'BOOLEAN', 60, 0, 1, 'DATABASE)');
INSERT INTO ad_column (id_column, id_client, id_module, created, updated, active, id_table, id_reference, name, ctype, seqno, primary_key, mandatory, csource) VALUES ('ff80808150dba1800150dbc0006c004c', '0', 'D351EB083EC7E8C4891CD7B25B1E274E', now(), now(), 1, 'ff80808150dba1800150dbbff03d0045', 'A05ACA9B2E1A435CA2829CD738279502', 'id_process', 'STRING', 70, 0, 1, 'DATABASE)');
INSERT INTO ad_column (id_column, id_client, id_module, created, updated, active, id_table, id_reference, name, ctype, seqno, primary_key, mandatory, csource) VALUES ('ff80808150dba1800150dbc00073004d', '0', 'D351EB083EC7E8C4891CD7B25B1E274E', now(), now(), 1, 'ff80808150dba1800150dbbff03d0045', '56F03512BD0811E4A564BC5FF4671DB4', 'name', 'STRING', 80, 0, 1, 'DATABASE)');
INSERT INTO ad_column (id_column, id_client, id_module, created, updated, active, id_table, id_reference, name, ctype, seqno, primary_key, mandatory, csource) VALUES ('ff80808150dba1800150dbc0007b004e', '0', 'D351EB083EC7E8C4891CD7B25B1E274E', now(), now(), 1, 'ff80808150dba1800150dbbff03d0045', '56F03512BD0811E4A564BC5FF4671DB4', 'description', 'STRING', 90, 0, 0, 'DATABASE)');
INSERT INTO ad_column (id_column, id_client, id_module, created, updated, active, id_table, id_reference, name, ctype, seqno, primary_key, mandatory, csource) VALUES ('ff80808150dba1800150dbc00081004f', '0', 'D351EB083EC7E8C4891CD7B25B1E274E', now(), now(), 1, 'ff80808150dba1800150dbbff03d0045', 'A05ACA9B2E1A435CA2829CD738279503', 'id_reference', 'STRING', 100, 0, 1, 'DATABASE)');
INSERT INTO ad_column (id_column, id_client, id_module, created, updated, active, id_table, id_reference, name, ctype, seqno, primary_key, mandatory, csource) VALUES ('ff80808150dba1800150dbc000880050', '0', 'D351EB083EC7E8C4891CD7B25B1E274E', now(), now(), 1, 'ff80808150dba1800150dbbff03d0045', '56F03512BD0811E4A564BC5FF4671DB4', 'valuemin', 'STRING', 110, 0, 0, 'DATABASE)');
INSERT INTO ad_column (id_column, id_client, id_module, created, updated, active, id_table, id_reference, name, ctype, seqno, primary_key, mandatory, csource) VALUES ('ff80808150dba1800150dbc000900051', '0', 'D351EB083EC7E8C4891CD7B25B1E274E', now(), now(), 1, 'ff80808150dba1800150dbbff03d0045', '56F03512BD0811E4A564BC5FF4671DB4', 'valuemax', 'STRING', 120, 0, 0, 'DATABASE)');
INSERT INTO ad_column (id_column, id_client, id_module, created, updated, active, id_table, id_reference, name, ctype, seqno, primary_key, mandatory, csource) VALUES ('ff80808150dba1800150dbc000960052', '0', 'D351EB083EC7E8C4891CD7B25B1E274E', now(), now(), 1, 'ff80808150dba1800150dbbff03d0045', '62F56A31BD0911E4A564BC5FF4671DB4', 'mandatory', 'BOOLEAN', 130, 0, 1, 'DATABASE)');
INSERT INTO ad_column (id_column, id_client, id_module, created, updated, active, id_table, id_reference, name, ctype, seqno, primary_key, mandatory, csource) VALUES ('ff80808150dba1800150dbc0009c0053', '0', 'D351EB083EC7E8C4891CD7B25B1E274E', now(), now(), 1, 'ff80808150dba1800150dbbff03d0045', '62F56A31BD0911E4A564BC5FF4671DB4', 'range', 'BOOLEAN', 140, 0, 1, 'DATABASE)');
INSERT INTO ad_column (id_column, id_client, id_module, created, updated, active, id_table, id_reference, name, ctype, seqno, primary_key, mandatory, csource) VALUES ('ff80808150dba1800150dbc000a20054', '0', 'D351EB083EC7E8C4891CD7B25B1E274E', now(), now(), 1, 'ff80808150dba1800150dbbff03d0045', '036E0E7D12294B0D9EB574261739EA5C', 'save_type', 'STRING', 150, 0, 1, 'DATABASE)');
INSERT INTO ad_column (id_column, id_client, id_module, created, updated, active, id_table, id_reference, name, ctype, seqno, primary_key, mandatory, csource) VALUES ('ff80808150dba1800150dbc000a80055', '0', 'D351EB083EC7E8C4891CD7B25B1E274E', now(), now(), 1, 'ff80808150dba1800150dbbff03d0045', '3E8D4539BD0811E4A564BC5FF4671DB4', 'seqno', 'INTEGER', 160, 0, 0, 'DATABASE)');
INSERT INTO ad_column (id_column, id_client, id_module, created, updated, active, id_table, id_reference, name, ctype, seqno, primary_key, mandatory, csource) VALUES ('ff80808150e09f920150e108f0e40001', '0', 'D351EB083EC7E8C4891CD7B25B1E274E', now(), now(), 1, 'ff80808150e09f920150e107c7df0000', '56F03512BD0811E4A564BC5FF4671DB4', 'id_ref_search_column', 'STRING', 10, 1, 1, 'DATABASE)');
INSERT INTO ad_column (id_column, id_client, id_module, created, updated, active, id_table, id_reference, name, ctype, seqno, primary_key, mandatory, csource) VALUES ('ff80808150e09f920150e108f1220002', '0', 'D351EB083EC7E8C4891CD7B25B1E274E', now(), now(), 1, 'ff80808150e09f920150e107c7df0000', 'A05ACA9B2E1A435CA2829CD738279503', 'id_client', 'STRING', 20, 0, 1, 'DATABASE)');
INSERT INTO ad_column (id_column, id_client, id_module, created, updated, active, id_table, id_reference, name, ctype, seqno, primary_key, mandatory, csource) VALUES ('ff80808150e09f920150e108f13b0003', '0', 'D351EB083EC7E8C4891CD7B25B1E274E', now(), now(), 1, 'ff80808150e09f920150e107c7df0000', '51C849B7BD0911E4A564BC5FF4671DB4', 'created', 'DATE', 30, 0, 1, 'DATABASE)');
INSERT INTO ad_column (id_column, id_client, id_module, created, updated, active, id_table, id_reference, name, ctype, seqno, primary_key, mandatory, csource) VALUES ('ff80808150e09f920150e108f1420004', '0', 'D351EB083EC7E8C4891CD7B25B1E274E', now(), now(), 1, 'ff80808150e09f920150e107c7df0000', '51C849B7BD0911E4A564BC5FF4671DB4', 'updated', 'DATE', 40, 0, 1, 'DATABASE)');
INSERT INTO ad_column (id_column, id_client, id_module, created, updated, active, id_table, id_reference, name, ctype, seqno, primary_key, mandatory, csource) VALUES ('ff80808150e09f920150e108f14a0005', '0', 'D351EB083EC7E8C4891CD7B25B1E274E', now(), now(), 1, 'ff80808150e09f920150e107c7df0000', '62F56A31BD0911E4A564BC5FF4671DB4', 'active', 'BOOLEAN', 50, 0, 1, 'DATABASE)');
INSERT INTO ad_column (id_column, id_client, id_module, created, updated, active, id_table, id_reference, name, ctype, seqno, primary_key, mandatory, csource) VALUES ('ff80808150e09f920150e108f14f0006', '0', 'D351EB083EC7E8C4891CD7B25B1E274E', now(), now(), 1, 'ff80808150e09f920150e107c7df0000', '56F03512BD0811E4A564BC5FF4671DB4', 'id_ref_table', 'STRING', 60, 0, 1, 'DATABASE)');
INSERT INTO ad_column (id_column, id_client, id_module, created, updated, active, id_table, id_reference, name, ctype, seqno, primary_key, mandatory, csource) VALUES ('ff80808150e09f920150e108f1580007', '0', 'D351EB083EC7E8C4891CD7B25B1E274E', now(), now(), 1, 'ff80808150e09f920150e107c7df0000', '56F03512BD0811E4A564BC5FF4671DB4', 'id_column', 'STRING', 70, 0, 1, 'DATABASE)');
INSERT INTO ad_column (id_column, id_client, id_module, created, updated, active, id_table, id_reference, name, ctype, seqno, primary_key, mandatory, csource) VALUES ('ff80808150f4d9e70150f4dd9d5f0001', '0', 'D351EB083EC7E8C4891CD7B25B1E274E', now(), now(), 1, 'ff80808150f4d9e70150f4dd7b0d0000', '56F03512BD0811E4A564BC5FF4671DB4', 'id_window', 'STRING', 10, 1, 1, 'DATABASE)');
INSERT INTO ad_column (id_column, id_client, id_module, created, updated, active, id_table, id_reference, name, ctype, seqno, primary_key, mandatory, csource) VALUES ('ff80808150f4d9e70150f4dd9d6f0002', '0', 'D351EB083EC7E8C4891CD7B25B1E274E', now(), now(), 1, 'ff80808150f4d9e70150f4dd7b0d0000', 'A05ACA9B2E1A435CA2829CD738279503', 'id_client', 'STRING', 20, 0, 1, 'DATABASE)');
INSERT INTO ad_column (id_column, id_client, id_module, created, updated, active, id_table, id_reference, name, ctype, seqno, primary_key, mandatory, csource) VALUES ('ff80808150f4d9e70150f4dd9d7d0003', '0', 'D351EB083EC7E8C4891CD7B25B1E274E', now(), now(), 1, 'ff80808150f4d9e70150f4dd7b0d0000', 'A05ACA9B2E1A435CA2829CD738279503', 'id_module', 'STRING', 30, 0, 1, 'DATABASE)');
INSERT INTO ad_column (id_column, id_client, id_module, created, updated, active, id_table, id_reference, name, ctype, seqno, primary_key, mandatory, csource) VALUES ('ff80808150f4d9e70150f4dd9d850004', '0', 'D351EB083EC7E8C4891CD7B25B1E274E', now(), now(), 1, 'ff80808150f4d9e70150f4dd7b0d0000', '51C849B7BD0911E4A564BC5FF4671DB4', 'created', 'DATE', 40, 0, 1, 'DATABASE)');
INSERT INTO ad_column (id_column, id_client, id_module, created, updated, active, id_table, id_reference, name, ctype, seqno, primary_key, mandatory, csource) VALUES ('ff80808150f4d9e70150f4dd9d8d0005', '0', 'D351EB083EC7E8C4891CD7B25B1E274E', now(), now(), 1, 'ff80808150f4d9e70150f4dd7b0d0000', '51C849B7BD0911E4A564BC5FF4671DB4', 'updated', 'DATE', 50, 0, 1, 'DATABASE)');
INSERT INTO ad_column (id_column, id_client, id_module, created, updated, active, id_table, id_reference, name, ctype, seqno, primary_key, mandatory, csource) VALUES ('ff80808150f4d9e70150f4dd9d950006', '0', 'D351EB083EC7E8C4891CD7B25B1E274E', now(), now(), 1, 'ff80808150f4d9e70150f4dd7b0d0000', '62F56A31BD0911E4A564BC5FF4671DB4', 'active', 'BOOLEAN', 60, 0, 1, 'DATABASE)');
INSERT INTO ad_column (id_column, id_client, id_module, created, updated, active, id_table, id_reference, name, ctype, seqno, primary_key, mandatory, csource) VALUES ('ff80808150f4d9e70150f4dd9d9d0007', '0', 'D351EB083EC7E8C4891CD7B25B1E274E', now(), now(), 1, 'ff80808150f4d9e70150f4dd7b0d0000', '56F03512BD0811E4A564BC5FF4671DB4', 'name', 'STRING', 70, 0, 1, 'DATABASE)');
INSERT INTO ad_column (id_column, id_client, id_module, created, updated, active, id_table, id_reference, name, ctype, seqno, primary_key, mandatory, csource) VALUES ('ff80808150f4d9e70150f4dd9da60008', '0', 'D351EB083EC7E8C4891CD7B25B1E274E', now(), now(), 1, 'ff80808150f4d9e70150f4dd7b0d0000', '036E0E7D12294B0D9EB574261739EA5C', 'wtype', 'STRING', 80, 0, 1, 'DATABASE)');
INSERT INTO ad_column (id_column, id_client, id_module, created, updated, active, id_table, id_reference, name, ctype, seqno, primary_key, mandatory, csource) VALUES ('ff8080815133364d0151333881b20001', '0', 'D351EB083EC7E8C4891CD7B25B1E274E', now(), now(), 1, 'ff8080815133364d0151333876f70000', '56F03512BD0811E4A564BC5FF4671DB4', 'id_param', 'STRING', 10, 1, 1, 'DATABASE)');
INSERT INTO ad_column (id_column, id_client, id_module, created, updated, active, id_table, id_reference, name, ctype, seqno, primary_key, mandatory, csource) VALUES ('ff8080815133364d0151333881c10002', '0', 'D351EB083EC7E8C4891CD7B25B1E274E', now(), now(), 1, 'ff8080815133364d0151333876f70000', 'A05ACA9B2E1A435CA2829CD738279503', 'id_client', 'STRING', 20, 0, 1, 'DATABASE)');
INSERT INTO ad_column (id_column, id_client, id_module, created, updated, active, id_table, id_reference, name, ctype, seqno, primary_key, mandatory, csource) VALUES ('ff8080815133364d0151333881cb0003', '0', 'D351EB083EC7E8C4891CD7B25B1E274E', now(), now(), 1, 'ff8080815133364d0151333876f70000', 'A05ACA9B2E1A435CA2829CD738279503', 'id_module', 'STRING', 30, 0, 1, 'DATABASE)');
INSERT INTO ad_column (id_column, id_client, id_module, created, updated, active, id_table, id_reference, name, ctype, seqno, primary_key, mandatory, csource) VALUES ('ff8080815133364d0151333881d30004', '0', 'D351EB083EC7E8C4891CD7B25B1E274E', now(), now(), 1, 'ff8080815133364d0151333876f70000', '51C849B7BD0911E4A564BC5FF4671DB4', 'created', 'DATE', 40, 0, 1, 'DATABASE)');
INSERT INTO ad_column (id_column, id_client, id_module, created, updated, active, id_table, id_reference, name, ctype, seqno, primary_key, mandatory, csource) VALUES ('ff8080815133364d0151333881db0005', '0', 'D351EB083EC7E8C4891CD7B25B1E274E', now(), now(), 1, 'ff8080815133364d0151333876f70000', '51C849B7BD0911E4A564BC5FF4671DB4', 'updated', 'DATE', 50, 0, 1, 'DATABASE)');
INSERT INTO ad_column (id_column, id_client, id_module, created, updated, active, id_table, id_reference, name, ctype, seqno, primary_key, mandatory, csource) VALUES ('ff8080815133364d0151333881e30006', '0', 'D351EB083EC7E8C4891CD7B25B1E274E', now(), now(), 1, 'ff8080815133364d0151333876f70000', '62F56A31BD0911E4A564BC5FF4671DB4', 'active', 'BOOLEAN', 60, 0, 1, 'DATABASE)');
INSERT INTO ad_column (id_column, id_client, id_module, created, updated, active, id_table, id_reference, name, ctype, seqno, primary_key, mandatory, csource) VALUES ('ff8080815133364d0151333881ec0007', '0', 'D351EB083EC7E8C4891CD7B25B1E274E', now(), now(), 1, 'ff8080815133364d0151333876f70000', '56F03512BD0811E4A564BC5FF4671DB4', 'name', 'STRING', 70, 0, 1, 'DATABASE)');
INSERT INTO ad_column (id_column, id_client, id_module, created, updated, active, id_table, id_reference, name, ctype, seqno, primary_key, mandatory, csource) VALUES ('ff8080815133364d0151333881f50008', '0', 'D351EB083EC7E8C4891CD7B25B1E274E', now(), now(), 1, 'ff8080815133364d0151333876f70000', '036E0E7D12294B0D9EB574261739EA5C', 'ptype', 'STRING', 80, 0, 1, 'DATABASE)');
INSERT INTO ad_column (id_column, id_client, id_module, created, updated, active, id_table, id_reference, name, ctype, seqno, primary_key, mandatory, csource) VALUES ('ff8080815133364d0151333881fd0009', '0', 'D351EB083EC7E8C4891CD7B25B1E274E', now(), now(), 1, 'ff8080815133364d0151333876f70000', '56F03512BD0811E4A564BC5FF4671DB4', 'value', 'STRING', 90, 0, 1, 'DATABASE)');
INSERT INTO ad_column (id_column, id_client, id_module, created, updated, active, id_table, id_reference, name, ctype, seqno, primary_key, mandatory, csource) VALUES ('ff808081513458260151345c2a330001', '0', 'D351EB083EC7E8C4891CD7B25B1E274E', now(), now(), 1, 'ff808081513458260151345c19980000', '56F03512BD0811E4A564BC5FF4671DB4', 'id_menu', 'STRING', 10, 1, 1, 'DATABASE)');
INSERT INTO ad_column (id_column, id_client, id_module, created, updated, active, id_table, id_reference, name, ctype, seqno, primary_key, mandatory, csource) VALUES ('ff808081513458260151345c2a410002', '0', 'D351EB083EC7E8C4891CD7B25B1E274E', now(), now(), 1, 'ff808081513458260151345c19980000', 'A05ACA9B2E1A435CA2829CD738279503', 'id_client', 'STRING', 20, 0, 1, 'DATABASE)');
INSERT INTO ad_column (id_column, id_client, id_module, created, updated, active, id_table, id_reference, name, ctype, seqno, primary_key, mandatory, csource) VALUES ('ff808081513458260151345c2a4b0003', '0', 'D351EB083EC7E8C4891CD7B25B1E274E', now(), now(), 1, 'ff808081513458260151345c19980000', 'A05ACA9B2E1A435CA2829CD738279503', 'id_module', 'STRING', 30, 0, 1, 'DATABASE)');
INSERT INTO ad_column (id_column, id_client, id_module, created, updated, active, id_table, id_reference, name, ctype, seqno, primary_key, mandatory, csource) VALUES ('ff808081513458260151345c2a570004', '0', 'D351EB083EC7E8C4891CD7B25B1E274E', now(), now(), 1, 'ff808081513458260151345c19980000', '51C849B7BD0911E4A564BC5FF4671DB4', 'created', 'DATE', 40, 0, 1, 'DATABASE)');
INSERT INTO ad_column (id_column, id_client, id_module, created, updated, active, id_table, id_reference, name, ctype, seqno, primary_key, mandatory, csource) VALUES ('ff808081513458260151345c2a5f0005', '0', 'D351EB083EC7E8C4891CD7B25B1E274E', now(), now(), 1, 'ff808081513458260151345c19980000', '51C849B7BD0911E4A564BC5FF4671DB4', 'updated', 'DATE', 50, 0, 1, 'DATABASE)');
INSERT INTO ad_column (id_column, id_client, id_module, created, updated, active, id_table, id_reference, name, ctype, seqno, primary_key, mandatory, csource) VALUES ('ff808081513458260151345c2a670006', '0', 'D351EB083EC7E8C4891CD7B25B1E274E', now(), now(), 1, 'ff808081513458260151345c19980000', '62F56A31BD0911E4A564BC5FF4671DB4', 'active', 'BOOLEAN', 60, 0, 1, 'DATABASE)');
INSERT INTO ad_column (id_column, id_client, id_module, created, updated, active, id_table, id_reference, name, ctype, seqno, primary_key, mandatory, csource) VALUES ('ff808081513458260151345c2a6f0007', '0', 'D351EB083EC7E8C4891CD7B25B1E274E', now(), now(), 1, 'ff808081513458260151345c19980000', '56F03512BD0811E4A564BC5FF4671DB4', 'value', 'STRING', 70, 0, 1, 'DATABASE)');
INSERT INTO ad_column (id_column, id_client, id_module, created, updated, active, id_table, id_reference, name, ctype, seqno, primary_key, mandatory, csource) VALUES ('ff808081513458260151345c2a780008', '0', 'D351EB083EC7E8C4891CD7B25B1E274E', now(), now(), 1, 'ff808081513458260151345c19980000', '56F03512BD0811E4A564BC5FF4671DB4', 'name', 'STRING', 80, 0, 1, 'DATABASE)');
INSERT INTO ad_column (id_column, id_client, id_module, created, updated, active, id_table, id_reference, name, ctype, seqno, primary_key, mandatory, csource) VALUES ('ff808081513458260151345c2a810009', '0', 'D351EB083EC7E8C4891CD7B25B1E274E', now(), now(), 1, 'ff808081513458260151345c19980000', '036E0E7D12294B0D9EB574261739EA5C', 'action', 'STRING', 90, 0, 1, 'DATABASE)');
INSERT INTO ad_column (id_column, id_client, id_module, created, updated, active, id_table, id_reference, name, ctype, seqno, primary_key, mandatory, csource) VALUES ('ff808081513458260151345c2a8a000a', '0', 'D351EB083EC7E8C4891CD7B25B1E274E', now(), now(), 1, 'ff808081513458260151345c19980000', '56F03512BD0811E4A564BC5FF4671DB4', 'parent_menu', 'STRING', 100, 0, 0, 'DATABASE)');
INSERT INTO ad_column (id_column, id_client, id_module, created, updated, active, id_table, id_reference, name, ctype, seqno, primary_key, mandatory, csource) VALUES ('ff808081513458260151345c2a92000b', '0', 'D351EB083EC7E8C4891CD7B25B1E274E', now(), now(), 1, 'ff808081513458260151345c19980000', '56F03512BD0811E4A564BC5FF4671DB4', 'icon', 'STRING', 110, 0, 0, 'DATABASE)');
INSERT INTO ad_column (id_column, id_client, id_module, created, updated, active, id_table, id_reference, name, ctype, seqno, primary_key, mandatory, csource) VALUES ('ff808081513458260151345c2a9b000c', '0', 'D351EB083EC7E8C4891CD7B25B1E274E', now(), now(), 1, 'ff808081513458260151345c19980000', '3E8D4539BD0811E4A564BC5FF4671DB4', 'seqno', 'INTEGER', 120, 0, 0, 'DATABASE)');
INSERT INTO ad_column (id_column, id_client, id_module, created, updated, active, id_table, id_reference, name, ctype, seqno, primary_key, mandatory, csource) VALUES ('ff808081513458260151345c2aa3000d', '0', 'D351EB083EC7E8C4891CD7B25B1E274E', now(), now(), 1, 'ff808081513458260151345c19980000', 'A05ACA9B2E1A435CA2829CD738279502', 'id_window', 'STRING', 130, 0, 0, 'DATABASE)');
INSERT INTO ad_column (id_column, id_client, id_module, created, updated, active, id_table, id_reference, name, ctype, seqno, primary_key, mandatory, csource) VALUES ('ff808081513458260151345c2aad000e', '0', 'D351EB083EC7E8C4891CD7B25B1E274E', now(), now(), 1, 'ff808081513458260151345c19980000', 'A05ACA9B2E1A435CA2829CD738279502', 'id_process', 'STRING', 140, 0, 0, 'DATABASE)');
INSERT INTO ad_column (id_column, id_client, id_module, created, updated, active, id_table, id_reference, name, ctype, seqno, primary_key, mandatory, csource) VALUES ('ff808081513458260151345c2ab5000f', '0', 'D351EB083EC7E8C4891CD7B25B1E274E', now(), now(), 1, 'ff808081513458260151345c19980000', '56F03512BD0811E4A564BC5FF4671DB4', 'manual_command', 'STRING', 150, 0, 0, 'DATABASE)');
INSERT INTO ad_column (id_column, id_client, id_module, created, updated, active, id_table, id_reference, name, ctype, seqno, primary_key, mandatory, csource) VALUES ('ff808081513458260151345cd55c0011', '0', 'D351EB083EC7E8C4891CD7B25B1E274E', now(), now(), 1, 'ff808081513458260151345ccbde0010', '56F03512BD0811E4A564BC5FF4671DB4', 'id_menu_roles', 'STRING', 10, 1, 1, 'DATABASE)');
INSERT INTO ad_column (id_column, id_client, id_module, created, updated, active, id_table, id_reference, name, ctype, seqno, primary_key, mandatory, csource) VALUES ('ff808081513458260151345cd5640012', '0', 'D351EB083EC7E8C4891CD7B25B1E274E', now(), now(), 1, 'ff808081513458260151345ccbde0010', '56F03512BD0811E4A564BC5FF4671DB4', 'id_menu', 'STRING', 20, 0, 1, 'DATABASE)');
INSERT INTO ad_column (id_column, id_client, id_module, created, updated, active, id_table, id_reference, name, ctype, seqno, primary_key, mandatory, csource) VALUES ('ff808081513458260151345cd56b0013', '0', 'D351EB083EC7E8C4891CD7B25B1E274E', now(), now(), 1, 'ff808081513458260151345ccbde0010', '56F03512BD0811E4A564BC5FF4671DB4', 'id_role', 'STRING', 30, 0, 1, 'DATABASE)');
INSERT INTO ad_column (id_column, id_client, id_module, created, updated, active, id_table, id_reference, name, ctype, seqno, primary_key, mandatory, csource) VALUES ('ff808081513458260151345cd5720014', '0', 'D351EB083EC7E8C4891CD7B25B1E274E', now(), now(), 1, 'ff808081513458260151345ccbde0010', 'A05ACA9B2E1A435CA2829CD738279503', 'id_client', 'STRING', 40, 0, 1, 'DATABASE)');
INSERT INTO ad_column (id_column, id_client, id_module, created, updated, active, id_table, id_reference, name, ctype, seqno, primary_key, mandatory, csource) VALUES ('ff808081513458260151345cd5790015', '0', 'D351EB083EC7E8C4891CD7B25B1E274E', now(), now(), 1, 'ff808081513458260151345ccbde0010', 'A05ACA9B2E1A435CA2829CD738279503', 'id_module', 'STRING', 50, 0, 1, 'DATABASE)');
INSERT INTO ad_column (id_column, id_client, id_module, created, updated, active, id_table, id_reference, name, ctype, seqno, primary_key, mandatory, csource) VALUES ('ff808081513458260151345cd5810016', '0', 'D351EB083EC7E8C4891CD7B25B1E274E', now(), now(), 1, 'ff808081513458260151345ccbde0010', '51C849B7BD0911E4A564BC5FF4671DB4', 'created', 'DATE', 60, 0, 1, 'DATABASE)');
INSERT INTO ad_column (id_column, id_client, id_module, created, updated, active, id_table, id_reference, name, ctype, seqno, primary_key, mandatory, csource) VALUES ('ff808081513458260151345cd5870017', '0', 'D351EB083EC7E8C4891CD7B25B1E274E', now(), now(), 1, 'ff808081513458260151345ccbde0010', '51C849B7BD0911E4A564BC5FF4671DB4', 'updated', 'DATE', 70, 0, 1, 'DATABASE)');
INSERT INTO ad_column (id_column, id_client, id_module, created, updated, active, id_table, id_reference, name, ctype, seqno, primary_key, mandatory, csource) VALUES ('ff808081513458260151345cd58e0018', '0', 'D351EB083EC7E8C4891CD7B25B1E274E', now(), now(), 1, 'ff808081513458260151345ccbde0010', '62F56A31BD0911E4A564BC5FF4671DB4', 'active', 'BOOLEAN', 80, 0, 1, 'DATABASE)');
INSERT INTO ad_column (id_column, id_client, id_module, created, updated, active, id_table, id_reference, name, ctype, seqno, primary_key, mandatory, csource) VALUES ('ff80808151382f2a0151385b21050001', '0', 'D351EB083EC7E8C4891CD7B25B1E274E', now(), now(), 1, 'ff80808151382f2a0151385b16ec0000', '56F03512BD0811E4A564BC5FF4671DB4', 'id_client', 'STRING', 10, 1, 1, 'DATABASE)');
INSERT INTO ad_column (id_column, id_client, id_module, created, updated, active, id_table, id_reference, name, ctype, seqno, primary_key, mandatory, csource) VALUES ('ff80808151382f2a0151385b21140002', '0', 'D351EB083EC7E8C4891CD7B25B1E274E', now(), now(), 1, 'ff80808151382f2a0151385b16ec0000', '51C849B7BD0911E4A564BC5FF4671DB4', 'created', 'DATE', 20, 0, 1, 'DATABASE)');
INSERT INTO ad_column (id_column, id_client, id_module, created, updated, active, id_table, id_reference, name, ctype, seqno, primary_key, mandatory, csource) VALUES ('ff80808151382f2a0151385b211c0003', '0', 'D351EB083EC7E8C4891CD7B25B1E274E', now(), now(), 1, 'ff80808151382f2a0151385b16ec0000', '51C849B7BD0911E4A564BC5FF4671DB4', 'updated', 'DATE', 30, 0, 1, 'DATABASE)');
INSERT INTO ad_column (id_column, id_client, id_module, created, updated, active, id_table, id_reference, name, ctype, seqno, primary_key, mandatory, csource) VALUES ('ff80808151382f2a0151385b21240004', '0', 'D351EB083EC7E8C4891CD7B25B1E274E', now(), now(), 1, 'ff80808151382f2a0151385b16ec0000', '62F56A31BD0911E4A564BC5FF4671DB4', 'active', 'BOOLEAN', 40, 0, 1, 'DATABASE)');
INSERT INTO ad_column (id_column, id_client, id_module, created, updated, active, id_table, id_reference, name, ctype, seqno, primary_key, mandatory, csource) VALUES ('ff80808151382f2a0151385b212c0005', '0', 'D351EB083EC7E8C4891CD7B25B1E274E', now(), now(), 1, 'ff80808151382f2a0151385b16ec0000', '56F03512BD0811E4A564BC5FF4671DB4', 'name', 'STRING', 50, 0, 1, 'DATABASE)');
INSERT INTO ad_column (id_column, id_client, id_module, created, updated, active, id_table, id_reference, name, ctype, seqno, primary_key, mandatory, csource) VALUES ('ff80808151382f2a0151385b21340006', '0', 'D351EB083EC7E8C4891CD7B25B1E274E', now(), now(), 1, 'ff80808151382f2a0151385b16ec0000', '56F03512BD0811E4A564BC5FF4671DB4', 'description', 'STRING', 60, 0, 0, 'DATABASE)');
INSERT INTO ad_column (id_column, id_client, id_module, created, updated, active, id_table, id_reference, name, ctype, seqno, primary_key, mandatory, csource) VALUES ('ff80808151382f2a0151385b213c0007', '0', 'D351EB083EC7E8C4891CD7B25B1E274E', now(), now(), 1, 'ff80808151382f2a0151385b16ec0000', '56F03512BD0811E4A564BC5FF4671DB4', 'email', 'STRING', 70, 0, 0, 'DATABASE)');
INSERT INTO ad_column (id_column, id_client, id_module, created, updated, active, id_table, id_reference, name, ctype, seqno, primary_key, mandatory, csource) VALUES ('ff80808151382f2a0151385b21440008', '0', 'D351EB083EC7E8C4891CD7B25B1E274E', now(), now(), 1, 'ff80808151382f2a0151385b16ec0000', '56F03512BD0811E4A564BC5FF4671DB4', 'smtp_host', 'STRING', 80, 0, 0, 'DATABASE)');
INSERT INTO ad_column (id_column, id_client, id_module, created, updated, active, id_table, id_reference, name, ctype, seqno, primary_key, mandatory, csource) VALUES ('ff80808151382f2a0151385b21500009', '0', 'D351EB083EC7E8C4891CD7B25B1E274E', now(), now(), 1, 'ff80808151382f2a0151385b16ec0000', '3E8D4539BD0811E4A564BC5FF4671DB4', 'smtp_port', 'INTEGER', 90, 0, 0, 'DATABASE)');
INSERT INTO ad_column (id_column, id_client, id_module, created, updated, active, id_table, id_reference, name, ctype, seqno, primary_key, mandatory, csource) VALUES ('ff80808151382f2a0151385b2157000a', '0', 'D351EB083EC7E8C4891CD7B25B1E274E', now(), now(), 1, 'ff80808151382f2a0151385b16ec0000', '62F56A31BD0911E4A564BC5FF4671DB4', 'smtp_ssl', 'BOOLEAN', 100, 0, 0, 'DATABASE)');
INSERT INTO ad_column (id_column, id_client, id_module, created, updated, active, id_table, id_reference, name, ctype, seqno, primary_key, mandatory, csource) VALUES ('ff80808151382f2a0151385b215e000b', '0', 'D351EB083EC7E8C4891CD7B25B1E274E', now(), now(), 1, 'ff80808151382f2a0151385b16ec0000', '56F03512BD0811E4A564BC5FF4671DB4', 'smtp_user', 'STRING', 110, 0, 0, 'DATABASE)');
INSERT INTO ad_column (id_column, id_client, id_module, created, updated, active, id_table, id_reference, name, ctype, seqno, primary_key, mandatory, csource) VALUES ('ff80808151382f2a0151385b2166000c', '0', 'D351EB083EC7E8C4891CD7B25B1E274E', now(), now(), 1, 'ff80808151382f2a0151385b16ec0000', '56F03512BD0811E4A564BC5FF4671DB4', 'smtp_password', 'STRING', 120, 0, 0, 'DATABASE)');
INSERT INTO ad_column (id_column, id_client, id_module, created, updated, active, id_table, id_reference, name, ctype, seqno, primary_key, mandatory, csource) VALUES ('ff80808151382f2a0151385c9b45000e', '0', 'D351EB083EC7E8C4891CD7B25B1E274E', now(), now(), 1, 'ff80808151382f2a0151385c9296000d', '56F03512BD0811E4A564BC5FF4671DB4', 'id_field', 'STRING', 10, 1, 1, 'DATABASE)');
INSERT INTO ad_column (id_column, id_client, id_module, created, updated, active, id_table, id_reference, name, ctype, seqno, primary_key, mandatory, csource) VALUES ('ff80808151382f2a0151385c9b4d000f', '0', 'D351EB083EC7E8C4891CD7B25B1E274E', now(), now(), 1, 'ff80808151382f2a0151385c9296000d', 'A05ACA9B2E1A435CA2829CD738279503', 'id_client', 'STRING', 20, 0, 1, 'DATABASE)');
INSERT INTO ad_column (id_column, id_client, id_module, created, updated, active, id_table, id_reference, name, ctype, seqno, primary_key, mandatory, csource) VALUES ('ff80808151382f2a0151385c9b550010', '0', 'D351EB083EC7E8C4891CD7B25B1E274E', now(), now(), 1, 'ff80808151382f2a0151385c9296000d', 'A05ACA9B2E1A435CA2829CD738279503', 'id_module', 'STRING', 30, 0, 1, 'DATABASE)');
INSERT INTO ad_column (id_column, id_client, id_module, created, updated, active, id_table, id_reference, name, ctype, seqno, primary_key, mandatory, csource) VALUES ('ff80808151382f2a0151385c9b5c0011', '0', 'D351EB083EC7E8C4891CD7B25B1E274E', now(), now(), 1, 'ff80808151382f2a0151385c9296000d', '51C849B7BD0911E4A564BC5FF4671DB4', 'created', 'DATE', 40, 0, 1, 'DATABASE)');
INSERT INTO ad_column (id_column, id_client, id_module, created, updated, active, id_table, id_reference, name, ctype, seqno, primary_key, mandatory, csource) VALUES ('ff80808151382f2a0151385c9b640012', '0', 'D351EB083EC7E8C4891CD7B25B1E274E', now(), now(), 1, 'ff80808151382f2a0151385c9296000d', '51C849B7BD0911E4A564BC5FF4671DB4', 'updated', 'DATE', 50, 0, 1, 'DATABASE)');
INSERT INTO ad_column (id_column, id_client, id_module, created, updated, active, id_table, id_reference, name, ctype, seqno, primary_key, mandatory, csource) VALUES ('ff80808151382f2a0151385c9b6b0013', '0', 'D351EB083EC7E8C4891CD7B25B1E274E', now(), now(), 1, 'ff80808151382f2a0151385c9296000d', '62F56A31BD0911E4A564BC5FF4671DB4', 'active', 'BOOLEAN', 60, 0, 1, 'DATABASE)');
INSERT INTO ad_column (id_column, id_client, id_module, created, updated, active, id_table, id_reference, name, ctype, seqno, primary_key, mandatory, csource) VALUES ('ff80808151382f2a0151385c9b720014', '0', 'D351EB083EC7E8C4891CD7B25B1E274E', now(), now(), 1, 'ff80808151382f2a0151385c9296000d', 'A05ACA9B2E1A435CA2829CD738279502', 'id_tab', 'STRING', 70, 0, 1, 'DATABASE)');
INSERT INTO ad_column (id_column, id_client, id_module, created, updated, active, id_table, id_reference, name, ctype, seqno, primary_key, mandatory, csource) VALUES ('ff80808151382f2a0151385c9b790015', '0', 'D351EB083EC7E8C4891CD7B25B1E274E', now(), now(), 1, 'ff80808151382f2a0151385c9296000d', 'A05ACA9B2E1A435CA2829CD738279503', 'id_column', 'STRING', 80, 0, 1, 'DATABASE)');
INSERT INTO ad_column (id_column, id_client, id_module, created, updated, active, id_table, id_reference, name, ctype, seqno, primary_key, mandatory, csource) VALUES ('ff80808151382f2a0151385c9b810016', '0', 'D351EB083EC7E8C4891CD7B25B1E274E', now(), now(), 1, 'ff80808151382f2a0151385c9296000d', 'A05ACA9B2E1A435CA2829CD738279502', 'id_field_group', 'STRING', 90, 0, 0, 'DATABASE)');
INSERT INTO ad_column (id_column, id_client, id_module, created, updated, active, id_table, id_reference, name, ctype, seqno, primary_key, mandatory, csource) VALUES ('ff80808151382f2a0151385c9b880017', '0', 'D351EB083EC7E8C4891CD7B25B1E274E', now(), now(), 1, 'ff80808151382f2a0151385c9296000d', '56F03512BD0811E4A564BC5FF4671DB4', 'name', 'STRING', 100, 0, 1, 'DATABASE)');
INSERT INTO ad_column (id_column, id_client, id_module, created, updated, active, id_table, id_reference, name, ctype, seqno, primary_key, mandatory, csource) VALUES ('ff80808151382f2a0151385c9b8e0018', '0', 'D351EB083EC7E8C4891CD7B25B1E274E', now(), now(), 1, 'ff80808151382f2a0151385c9296000d', '3E8D4539BD0811E4A564BC5FF4671DB4', 'seqno', 'INTEGER', 110, 0, 0, 'DATABASE)');
INSERT INTO ad_column (id_column, id_client, id_module, created, updated, active, id_table, id_reference, name, ctype, seqno, primary_key, mandatory, csource) VALUES ('ff80808151382f2a0151385c9b950019', '0', 'D351EB083EC7E8C4891CD7B25B1E274E', now(), now(), 1, 'ff80808151382f2a0151385c9296000d', '3E8D4539BD0811E4A564BC5FF4671DB4', 'grid_seqno', 'INTEGER', 120, 0, 0, 'DATABASE)');
INSERT INTO ad_column (id_column, id_client, id_module, created, updated, active, id_table, id_reference, name, ctype, seqno, primary_key, mandatory, csource) VALUES ('ff80808151382f2a0151385c9b9b001a', '0', 'D351EB083EC7E8C4891CD7B25B1E274E', now(), now(), 1, 'ff80808151382f2a0151385c9296000d', '62F56A31BD0911E4A564BC5FF4671DB4', 'readonly', 'BOOLEAN', 130, 0, 1, 'DATABASE)');
INSERT INTO ad_column (id_column, id_client, id_module, created, updated, active, id_table, id_reference, name, ctype, seqno, primary_key, mandatory, csource) VALUES ('ff80808151382f2a0151385c9ba2001b', '0', 'D351EB083EC7E8C4891CD7B25B1E274E', now(), now(), 1, 'ff80808151382f2a0151385c9296000d', '62F56A31BD0911E4A564BC5FF4671DB4', 'displayed', 'BOOLEAN', 140, 0, 1, 'DATABASE)');
INSERT INTO ad_column (id_column, id_client, id_module, created, updated, active, id_table, id_reference, name, ctype, seqno, primary_key, mandatory, csource) VALUES ('ff80808151382f2a0151385c9ba8001c', '0', 'D351EB083EC7E8C4891CD7B25B1E274E', now(), now(), 1, 'ff80808151382f2a0151385c9296000d', '62F56A31BD0911E4A564BC5FF4671DB4', 'showingrid', 'BOOLEAN', 150, 0, 1, 'DATABASE)');
INSERT INTO ad_column (id_column, id_client, id_module, created, updated, active, id_table, id_reference, name, ctype, seqno, primary_key, mandatory, csource) VALUES ('ff80808151382f2a0151385c9bae001d', '0', 'D351EB083EC7E8C4891CD7B25B1E274E', now(), now(), 1, 'ff80808151382f2a0151385c9296000d', '62F56A31BD0911E4A564BC5FF4671DB4', 'startnewrow', 'BOOLEAN', 160, 0, 1, 'DATABASE)');
INSERT INTO ad_column (id_column, id_client, id_module, created, updated, active, id_table, id_reference, name, ctype, seqno, primary_key, mandatory, csource) VALUES ('ff80808151382f2a0151385c9bb5001e', '0', 'D351EB083EC7E8C4891CD7B25B1E274E', now(), now(), 1, 'ff80808151382f2a0151385c9296000d', '62F56A31BD0911E4A564BC5FF4671DB4', 'showinstatusbar', 'BOOLEAN', 170, 0, 1, 'DATABASE)');
INSERT INTO ad_column (id_column, id_client, id_module, created, updated, active, id_table, id_reference, name, ctype, seqno, primary_key, mandatory, csource) VALUES ('ff80808151382f2a0151385c9bbc001f', '0', 'D351EB083EC7E8C4891CD7B25B1E274E', now(), now(), 1, 'ff80808151382f2a0151385c9296000d', '56F03512BD0811E4A564BC5FF4671DB4', 'onchangefunction', 'STRING', 180, 0, 0, 'DATABASE)');
INSERT INTO ad_column (id_column, id_client, id_module, created, updated, active, id_table, id_reference, name, ctype, seqno, primary_key, mandatory, csource) VALUES ('ff80808151382f2a0151385c9bc20020', '0', 'D351EB083EC7E8C4891CD7B25B1E274E', now(), now(), 1, 'ff80808151382f2a0151385c9296000d', '56F03512BD0811E4A564BC5FF4671DB4', 'displaylogic', 'STRING', 190, 0, 0, 'DATABASE)');
INSERT INTO ad_column (id_column, id_client, id_module, created, updated, active, id_table, id_reference, name, ctype, seqno, primary_key, mandatory, csource) VALUES ('ff80808151382f2a0151385c9bc80021', '0', 'D351EB083EC7E8C4891CD7B25B1E274E', now(), now(), 1, 'ff80808151382f2a0151385c9296000d', '3E8D4539BD0811E4A564BC5FF4671DB4', 'span', 'INTEGER', 200, 0, 1, 'DATABASE)');
INSERT INTO ad_column (id_column, id_client, id_module, created, updated, active, id_table, id_reference, name, ctype, seqno, primary_key, mandatory, csource) VALUES ('ff80808151382f2a0151385c9bcd0022', '0', 'D351EB083EC7E8C4891CD7B25B1E274E', now(), now(), 1, 'ff80808151382f2a0151385c9296000d', '62F56A31BD0911E4A564BC5FF4671DB4', 'filter_range', 'BOOLEAN', 210, 0, 1, 'DATABASE)');
INSERT INTO ad_column (id_column, id_client, id_module, created, updated, active, id_table, id_reference, name, ctype, seqno, primary_key, mandatory, csource) VALUES ('ff80808151382f2a0151385c9bd40023', '0', 'D351EB083EC7E8C4891CD7B25B1E274E', now(), now(), 1, 'ff80808151382f2a0151385c9296000d', '62F56A31BD0911E4A564BC5FF4671DB4', 'sortable', 'BOOLEAN', 220, 0, 0, 'DATABASE)');
INSERT INTO ad_column (id_column, id_client, id_module, created, updated, active, id_table, id_reference, name, ctype, seqno, primary_key, mandatory, csource) VALUES ('ff80808151382f2a0151385d1e7c0025', '0', 'D351EB083EC7E8C4891CD7B25B1E274E', now(), now(), 1, 'ff80808151382f2a0151385d18e20024', '56F03512BD0811E4A564BC5FF4671DB4', 'id_field_group', 'STRING', 10, 1, 1, 'DATABASE)');
INSERT INTO ad_column (id_column, id_client, id_module, created, updated, active, id_table, id_reference, name, ctype, seqno, primary_key, mandatory, csource) VALUES ('ff80808151382f2a0151385d1e820026', '0', 'D351EB083EC7E8C4891CD7B25B1E274E', now(), now(), 1, 'ff80808151382f2a0151385d18e20024', 'A05ACA9B2E1A435CA2829CD738279503', 'id_client', 'STRING', 20, 0, 1, 'DATABASE)');
INSERT INTO ad_column (id_column, id_client, id_module, created, updated, active, id_table, id_reference, name, ctype, seqno, primary_key, mandatory, csource) VALUES ('ff80808151382f2a0151385d1e870027', '0', 'D351EB083EC7E8C4891CD7B25B1E274E', now(), now(), 1, 'ff80808151382f2a0151385d18e20024', 'A05ACA9B2E1A435CA2829CD738279503', 'id_module', 'STRING', 30, 0, 1, 'DATABASE)');
INSERT INTO ad_column (id_column, id_client, id_module, created, updated, active, id_table, id_reference, name, ctype, seqno, primary_key, mandatory, csource) VALUES ('ff80808151382f2a0151385d1e8e0028', '0', 'D351EB083EC7E8C4891CD7B25B1E274E', now(), now(), 1, 'ff80808151382f2a0151385d18e20024', '51C849B7BD0911E4A564BC5FF4671DB4', 'created', 'DATE', 40, 0, 1, 'DATABASE)');
INSERT INTO ad_column (id_column, id_client, id_module, created, updated, active, id_table, id_reference, name, ctype, seqno, primary_key, mandatory, csource) VALUES ('ff80808151382f2a0151385d1e940029', '0', 'D351EB083EC7E8C4891CD7B25B1E274E', now(), now(), 1, 'ff80808151382f2a0151385d18e20024', '51C849B7BD0911E4A564BC5FF4671DB4', 'updated', 'DATE', 50, 0, 1, 'DATABASE)');
INSERT INTO ad_column (id_column, id_client, id_module, created, updated, active, id_table, id_reference, name, ctype, seqno, primary_key, mandatory, csource) VALUES ('ff80808151382f2a0151385d1e9a002a', '0', 'D351EB083EC7E8C4891CD7B25B1E274E', now(), now(), 1, 'ff80808151382f2a0151385d18e20024', '62F56A31BD0911E4A564BC5FF4671DB4', 'active', 'BOOLEAN', 60, 0, 1, 'DATABASE)');
INSERT INTO ad_column (id_column, id_client, id_module, created, updated, active, id_table, id_reference, name, ctype, seqno, primary_key, mandatory, csource) VALUES ('ff80808151382f2a0151385d1ea1002b', '0', 'D351EB083EC7E8C4891CD7B25B1E274E', now(), now(), 1, 'ff80808151382f2a0151385d18e20024', '56F03512BD0811E4A564BC5FF4671DB4', 'name', 'STRING', 70, 0, 1, 'DATABASE)');
INSERT INTO ad_column (id_column, id_client, id_module, created, updated, active, id_table, id_reference, name, ctype, seqno, primary_key, mandatory, csource) VALUES ('ff80808151382f2a0151385d1ea7002c', '0', 'D351EB083EC7E8C4891CD7B25B1E274E', now(), now(), 1, 'ff80808151382f2a0151385d18e20024', '62F56A31BD0911E4A564BC5FF4671DB4', 'collapsed', 'BOOLEAN', 80, 0, 1, 'DATABASE)');
INSERT INTO ad_column (id_column, id_client, id_module, created, updated, active, id_table, id_reference, name, ctype, seqno, primary_key, mandatory, csource) VALUES ('ff80808151382f2a0151385df0d2002e', '0', 'D351EB083EC7E8C4891CD7B25B1E274E', now(), now(), 1, 'ff80808151382f2a0151385dec2a002d', '56F03512BD0811E4A564BC5FF4671DB4', 'id_language', 'STRING', 10, 1, 1, 'DATABASE)');
INSERT INTO ad_column (id_column, id_client, id_module, created, updated, active, id_table, id_reference, name, ctype, seqno, primary_key, mandatory, csource) VALUES ('ff80808151382f2a0151385df0d8002f', '0', 'D351EB083EC7E8C4891CD7B25B1E274E', now(), now(), 1, 'ff80808151382f2a0151385dec2a002d', 'A05ACA9B2E1A435CA2829CD738279503', 'id_client', 'STRING', 20, 0, 1, 'DATABASE)');
INSERT INTO ad_column (id_column, id_client, id_module, created, updated, active, id_table, id_reference, name, ctype, seqno, primary_key, mandatory, csource) VALUES ('ff80808151382f2a0151385df0df0030', '0', 'D351EB083EC7E8C4891CD7B25B1E274E', now(), now(), 1, 'ff80808151382f2a0151385dec2a002d', '51C849B7BD0911E4A564BC5FF4671DB4', 'created', 'DATE', 30, 0, 1, 'DATABASE)');
INSERT INTO ad_column (id_column, id_client, id_module, created, updated, active, id_table, id_reference, name, ctype, seqno, primary_key, mandatory, csource) VALUES ('ff80808151382f2a0151385df0e80031', '0', 'D351EB083EC7E8C4891CD7B25B1E274E', now(), now(), 1, 'ff80808151382f2a0151385dec2a002d', '51C849B7BD0911E4A564BC5FF4671DB4', 'updated', 'DATE', 40, 0, 1, 'DATABASE)');
INSERT INTO ad_column (id_column, id_client, id_module, created, updated, active, id_table, id_reference, name, ctype, seqno, primary_key, mandatory, csource) VALUES ('ff80808151382f2a0151385df0ef0032', '0', 'D351EB083EC7E8C4891CD7B25B1E274E', now(), now(), 1, 'ff80808151382f2a0151385dec2a002d', '62F56A31BD0911E4A564BC5FF4671DB4', 'active', 'BOOLEAN', 50, 0, 1, 'DATABASE)');
INSERT INTO ad_column (id_column, id_client, id_module, created, updated, active, id_table, id_reference, name, ctype, seqno, primary_key, mandatory, csource) VALUES ('ff80808151382f2a0151385df0f50033', '0', 'D351EB083EC7E8C4891CD7B25B1E274E', now(), now(), 1, 'ff80808151382f2a0151385dec2a002d', '56F03512BD0811E4A564BC5FF4671DB4', 'name', 'STRING', 60, 0, 1, 'DATABASE)');
INSERT INTO ad_column (id_column, id_client, id_module, created, updated, active, id_table, id_reference, name, ctype, seqno, primary_key, mandatory, csource) VALUES ('ff80808151382f2a0151385df0fb0034', '0', 'D351EB083EC7E8C4891CD7B25B1E274E', now(), now(), 1, 'ff80808151382f2a0151385dec2a002d', '56F03512BD0811E4A564BC5FF4671DB4', 'iso_2', 'STRING', 70, 0, 0, 'DATABASE)');
INSERT INTO ad_column (id_column, id_client, id_module, created, updated, active, id_table, id_reference, name, ctype, seqno, primary_key, mandatory, csource) VALUES ('ff80808151382f2a0151385df1010035', '0', 'D351EB083EC7E8C4891CD7B25B1E274E', now(), now(), 1, 'ff80808151382f2a0151385dec2a002d', '56F03512BD0811E4A564BC5FF4671DB4', 'logo', 'STRING', 80, 0, 0, 'DATABASE)');
INSERT INTO ad_column (id_column, id_client, id_module, created, updated, active, id_table, id_reference, name, ctype, seqno, primary_key, mandatory, csource) VALUES ('ff80808151382f2a0151385df1070036', '0', 'D351EB083EC7E8C4891CD7B25B1E274E', now(), now(), 1, 'ff80808151382f2a0151385dec2a002d', '56F03512BD0811E4A564BC5FF4671DB4', 'countrycode', 'STRING', 90, 0, 1, 'DATABASE)');
INSERT INTO ad_column (id_column, id_client, id_module, created, updated, active, id_table, id_reference, name, ctype, seqno, primary_key, mandatory, csource) VALUES ('ff80808151382f2a0151385e978b0038', '0', 'D351EB083EC7E8C4891CD7B25B1E274E', now(), now(), 1, 'ff80808151382f2a0151385e92b60037', '56F03512BD0811E4A564BC5FF4671DB4', 'id_message', 'STRING', 10, 1, 1, 'DATABASE)');
INSERT INTO ad_column (id_column, id_client, id_module, created, updated, active, id_table, id_reference, name, ctype, seqno, primary_key, mandatory, csource) VALUES ('ff80808151382f2a0151385e97910039', '0', 'D351EB083EC7E8C4891CD7B25B1E274E', now(), now(), 1, 'ff80808151382f2a0151385e92b60037', 'A05ACA9B2E1A435CA2829CD738279503', 'id_client', 'STRING', 20, 0, 1, 'DATABASE)');
INSERT INTO ad_column (id_column, id_client, id_module, created, updated, active, id_table, id_reference, name, ctype, seqno, primary_key, mandatory, csource) VALUES ('ff80808151382f2a0151385e9797003a', '0', 'D351EB083EC7E8C4891CD7B25B1E274E', now(), now(), 1, 'ff80808151382f2a0151385e92b60037', 'A05ACA9B2E1A435CA2829CD738279503', 'id_module', 'STRING', 30, 0, 1, 'DATABASE)');
INSERT INTO ad_column (id_column, id_client, id_module, created, updated, active, id_table, id_reference, name, ctype, seqno, primary_key, mandatory, csource) VALUES ('ff80808151382f2a0151385e979d003b', '0', 'D351EB083EC7E8C4891CD7B25B1E274E', now(), now(), 1, 'ff80808151382f2a0151385e92b60037', '51C849B7BD0911E4A564BC5FF4671DB4', 'created', 'DATE', 40, 0, 1, 'DATABASE)');
INSERT INTO ad_column (id_column, id_client, id_module, created, updated, active, id_table, id_reference, name, ctype, seqno, primary_key, mandatory, csource) VALUES ('ff80808151382f2a0151385e97a5003c', '0', 'D351EB083EC7E8C4891CD7B25B1E274E', now(), now(), 1, 'ff80808151382f2a0151385e92b60037', '51C849B7BD0911E4A564BC5FF4671DB4', 'updated', 'DATE', 50, 0, 1, 'DATABASE)');
INSERT INTO ad_column (id_column, id_client, id_module, created, updated, active, id_table, id_reference, name, ctype, seqno, primary_key, mandatory, csource) VALUES ('ff80808151382f2a0151385e97ab003d', '0', 'D351EB083EC7E8C4891CD7B25B1E274E', now(), now(), 1, 'ff80808151382f2a0151385e92b60037', '62F56A31BD0911E4A564BC5FF4671DB4', 'active', 'BOOLEAN', 60, 0, 1, 'DATABASE)');
INSERT INTO ad_column (id_column, id_client, id_module, created, updated, active, id_table, id_reference, name, ctype, seqno, primary_key, mandatory, csource) VALUES ('ff80808151382f2a0151385e97b1003e', '0', 'D351EB083EC7E8C4891CD7B25B1E274E', now(), now(), 1, 'ff80808151382f2a0151385e92b60037', '56F03512BD0811E4A564BC5FF4671DB4', 'value', 'STRING', 70, 0, 1, 'DATABASE)');
INSERT INTO ad_column (id_column, id_client, id_module, created, updated, active, id_table, id_reference, name, ctype, seqno, primary_key, mandatory, csource) VALUES ('ff80808151382f2a0151385e97b7003f', '0', 'D351EB083EC7E8C4891CD7B25B1E274E', now(), now(), 1, 'ff80808151382f2a0151385e92b60037', '56F03512BD0811E4A564BC5FF4671DB4', 'msgtext', 'STRING', 80, 0, 1, 'DATABASE)');
INSERT INTO ad_column (id_column, id_client, id_module, created, updated, active, id_table, id_reference, name, ctype, seqno, primary_key, mandatory, csource) VALUES ('ff80808151382f2a0151385f189c0041', '0', 'D351EB083EC7E8C4891CD7B25B1E274E', now(), now(), 1, 'ff80808151382f2a0151385f138f0040', 'A05ACA9B2E1A435CA2829CD738279503', 'id_module', 'STRING', 10, 1, 1, 'DATABASE)');
INSERT INTO ad_column (id_column, id_client, id_module, created, updated, active, id_table, id_reference, name, ctype, seqno, primary_key, mandatory, csource) VALUES ('ff80808151382f2a0151385f18a80042', '0', 'D351EB083EC7E8C4891CD7B25B1E274E', now(), now(), 1, 'ff80808151382f2a0151385f138f0040', 'A05ACA9B2E1A435CA2829CD738279503', 'id_client', 'STRING', 20, 0, 1, 'DATABASE)');
INSERT INTO ad_column (id_column, id_client, id_module, created, updated, active, id_table, id_reference, name, ctype, seqno, primary_key, mandatory, csource) VALUES ('ff80808151382f2a0151385f18af0043', '0', 'D351EB083EC7E8C4891CD7B25B1E274E', now(), now(), 1, 'ff80808151382f2a0151385f138f0040', '51C849B7BD0911E4A564BC5FF4671DB4', 'created', 'DATE', 30, 0, 1, 'DATABASE)');
INSERT INTO ad_column (id_column, id_client, id_module, created, updated, active, id_table, id_reference, name, ctype, seqno, primary_key, mandatory, csource) VALUES ('ff80808151382f2a0151385f18b60044', '0', 'D351EB083EC7E8C4891CD7B25B1E274E', now(), now(), 1, 'ff80808151382f2a0151385f138f0040', '51C849B7BD0911E4A564BC5FF4671DB4', 'updated', 'DATE', 40, 0, 1, 'DATABASE)');
INSERT INTO ad_column (id_column, id_client, id_module, created, updated, active, id_table, id_reference, name, ctype, seqno, primary_key, mandatory, csource) VALUES ('ff80808151382f2a0151385f18bc0045', '0', 'D351EB083EC7E8C4891CD7B25B1E274E', now(), now(), 1, 'ff80808151382f2a0151385f138f0040', '62F56A31BD0911E4A564BC5FF4671DB4', 'active', 'BOOLEAN', 50, 0, 1, 'DATABASE)');
INSERT INTO ad_column (id_column, id_client, id_module, created, updated, active, id_table, id_reference, name, ctype, seqno, primary_key, mandatory, csource) VALUES ('ff80808151382f2a0151385f18c20046', '0', 'D351EB083EC7E8C4891CD7B25B1E274E', now(), now(), 1, 'ff80808151382f2a0151385f138f0040', '56F03512BD0811E4A564BC5FF4671DB4', 'name', 'STRING', 60, 0, 1, 'DATABASE)');
INSERT INTO ad_column (id_column, id_client, id_module, created, updated, active, id_table, id_reference, name, ctype, seqno, primary_key, mandatory, csource) VALUES ('ff80808151382f2a0151385f18c90047', '0', 'D351EB083EC7E8C4891CD7B25B1E274E', now(), now(), 1, 'ff80808151382f2a0151385f138f0040', '56F03512BD0811E4A564BC5FF4671DB4', 'description', 'STRING', 70, 0, 0, 'DATABASE)');
INSERT INTO ad_column (id_column, id_client, id_module, created, updated, active, id_table, id_reference, name, ctype, seqno, primary_key, mandatory, csource) VALUES ('ff80808151382f2a0151385f18cf0048', '0', 'D351EB083EC7E8C4891CD7B25B1E274E', now(), now(), 1, 'ff80808151382f2a0151385f138f0040', '56F03512BD0811E4A564BC5FF4671DB4', 'java_package', 'STRING', 80, 0, 1, 'DATABASE)');
INSERT INTO ad_column (id_column, id_client, id_module, created, updated, active, id_table, id_reference, name, ctype, seqno, primary_key, mandatory, csource) VALUES ('ff80808151382f2a0151385f18d50049', '0', 'D351EB083EC7E8C4891CD7B25B1E274E', now(), now(), 1, 'ff80808151382f2a0151385f138f0040', '56F03512BD0811E4A564BC5FF4671DB4', 'version', 'STRING', 90, 0, 1, 'DATABASE)');
INSERT INTO ad_column (id_column, id_client, id_module, created, updated, active, id_table, id_reference, name, ctype, seqno, primary_key, mandatory, csource) VALUES ('ff80808151382f2a0151385f18dc004a', '0', 'D351EB083EC7E8C4891CD7B25B1E274E', now(), now(), 1, 'ff80808151382f2a0151385f138f0040', '62F56A31BD0911E4A564BC5FF4671DB4', 'indevelopment', 'BOOLEAN', 100, 0, 1, 'DATABASE)');
INSERT INTO ad_column (id_column, id_client, id_module, created, updated, active, id_table, id_reference, name, ctype, seqno, primary_key, mandatory, csource) VALUES ('ff80808151382f2a0151385f18e8004b', '0', 'D351EB083EC7E8C4891CD7B25B1E274E', now(), now(), 1, 'ff80808151382f2a0151385f138f0040', '56F03512BD0811E4A564BC5FF4671DB4', 'rest_path', 'STRING', 110, 0, 0, 'DATABASE)');
INSERT INTO ad_column (id_column, id_client, id_module, created, updated, active, id_table, id_reference, name, ctype, seqno, primary_key, mandatory, csource) VALUES ('ff80808151382f2a0151385f18e8004c', '0', 'D351EB083EC7E8C4891CD7B25B1E274E', now(), now(), 1, 'ff80808151382f2a0151385f138f0040', '56F03512BD0811E4A564BC5FF4671DB4', 'dbprefix', 'STRING', 120, 0, 0, 'DATABASE)');
INSERT INTO ad_column (id_column, id_client, id_module, created, updated, active, id_table, id_reference, name, ctype, seqno, primary_key, mandatory, csource) VALUES ('ff80808151382f2a0151385fbf98004d', '0', 'D351EB083EC7E8C4891CD7B25B1E274E', now(), now(), 1, 'ff80808151382f2a0151385fba6c004c', '56F03512BD0811E4A564BC5FF4671DB4', 'id_privilege', 'STRING', 10, 1, 1, 'DATABASE)');
INSERT INTO ad_column (id_column, id_client, id_module, created, updated, active, id_table, id_reference, name, ctype, seqno, primary_key, mandatory, csource) VALUES ('ff80808151382f2a0151385fbf9d004e', '0', 'D351EB083EC7E8C4891CD7B25B1E274E', now(), now(), 1, 'ff80808151382f2a0151385fba6c004c', 'A05ACA9B2E1A435CA2829CD738279503', 'id_client', 'STRING', 20, 0, 1, 'DATABASE)');
INSERT INTO ad_column (id_column, id_client, id_module, created, updated, active, id_table, id_reference, name, ctype, seqno, primary_key, mandatory, csource) VALUES ('ff80808151382f2a0151385fbfa3004f', '0', 'D351EB083EC7E8C4891CD7B25B1E274E', now(), now(), 1, 'ff80808151382f2a0151385fba6c004c', 'A05ACA9B2E1A435CA2829CD738279503', 'id_module', 'STRING', 30, 0, 1, 'DATABASE)');
INSERT INTO ad_column (id_column, id_client, id_module, created, updated, active, id_table, id_reference, name, ctype, seqno, primary_key, mandatory, csource) VALUES ('ff80808151382f2a0151385fbfa80050', '0', 'D351EB083EC7E8C4891CD7B25B1E274E', now(), now(), 1, 'ff80808151382f2a0151385fba6c004c', '51C849B7BD0911E4A564BC5FF4671DB4', 'created', 'DATE', 40, 0, 1, 'DATABASE)');
INSERT INTO ad_column (id_column, id_client, id_module, created, updated, active, id_table, id_reference, name, ctype, seqno, primary_key, mandatory, csource) VALUES ('ff80808151382f2a0151385fbfaf0051', '0', 'D351EB083EC7E8C4891CD7B25B1E274E', now(), now(), 1, 'ff80808151382f2a0151385fba6c004c', '51C849B7BD0911E4A564BC5FF4671DB4', 'updated', 'DATE', 50, 0, 1, 'DATABASE)');
INSERT INTO ad_column (id_column, id_client, id_module, created, updated, active, id_table, id_reference, name, ctype, seqno, primary_key, mandatory, csource) VALUES ('ff80808151382f2a0151385fbfb70052', '0', 'D351EB083EC7E8C4891CD7B25B1E274E', now(), now(), 1, 'ff80808151382f2a0151385fba6c004c', '62F56A31BD0911E4A564BC5FF4671DB4', 'active', 'BOOLEAN', 60, 0, 1, 'DATABASE)');
INSERT INTO ad_column (id_column, id_client, id_module, created, updated, active, id_table, id_reference, name, ctype, seqno, primary_key, mandatory, csource) VALUES ('ff80808151382f2a0151385fbfbe0053', '0', 'D351EB083EC7E8C4891CD7B25B1E274E', now(), now(), 1, 'ff80808151382f2a0151385fba6c004c', '56F03512BD0811E4A564BC5FF4671DB4', 'name', 'STRING', 70, 0, 1, 'DATABASE)');
INSERT INTO ad_column (id_column, id_client, id_module, created, updated, active, id_table, id_reference, name, ctype, seqno, primary_key, mandatory, csource) VALUES ('ff80808151382f2a0151385fbfc50054', '0', 'D351EB083EC7E8C4891CD7B25B1E274E', now(), now(), 1, 'ff80808151382f2a0151385fba6c004c', '56F03512BD0811E4A564BC5FF4671DB4', 'description', 'STRING', 80, 0, 1, 'DATABASE)');
INSERT INTO ad_column (id_column, id_client, id_module, created, updated, active, id_table, id_reference, name, ctype, seqno, primary_key, mandatory, csource) VALUES ('ff80808151382f2a01513860273b0056', '0', 'D351EB083EC7E8C4891CD7B25B1E274E', now(), now(), 1, 'ff80808151382f2a0151386023350055', '56F03512BD0811E4A564BC5FF4671DB4', 'id_ref_list', 'STRING', 10, 1, 1, 'DATABASE)');
INSERT INTO ad_column (id_column, id_client, id_module, created, updated, active, id_table, id_reference, name, ctype, seqno, primary_key, mandatory, csource) VALUES ('ff80808151382f2a0151386027410057', '0', 'D351EB083EC7E8C4891CD7B25B1E274E', now(), now(), 1, 'ff80808151382f2a0151386023350055', 'A05ACA9B2E1A435CA2829CD738279503', 'id_client', 'STRING', 20, 0, 1, 'DATABASE)');
INSERT INTO ad_column (id_column, id_client, id_module, created, updated, active, id_table, id_reference, name, ctype, seqno, primary_key, mandatory, csource) VALUES ('ff80808151382f2a0151386027470058', '0', 'D351EB083EC7E8C4891CD7B25B1E274E', now(), now(), 1, 'ff80808151382f2a0151386023350055', 'A05ACA9B2E1A435CA2829CD738279503', 'id_module', 'STRING', 30, 0, 1, 'DATABASE)');
INSERT INTO ad_column (id_column, id_client, id_module, created, updated, active, id_table, id_reference, name, ctype, seqno, primary_key, mandatory, csource) VALUES ('ff80808151382f2a01513860274c0059', '0', 'D351EB083EC7E8C4891CD7B25B1E274E', now(), now(), 1, 'ff80808151382f2a0151386023350055', '51C849B7BD0911E4A564BC5FF4671DB4', 'created', 'DATE', 40, 0, 1, 'DATABASE)');
INSERT INTO ad_column (id_column, id_client, id_module, created, updated, active, id_table, id_reference, name, ctype, seqno, primary_key, mandatory, csource) VALUES ('ff80808151382f2a015138602752005a', '0', 'D351EB083EC7E8C4891CD7B25B1E274E', now(), now(), 1, 'ff80808151382f2a0151386023350055', '51C849B7BD0911E4A564BC5FF4671DB4', 'updated', 'DATE', 50, 0, 1, 'DATABASE)');
INSERT INTO ad_column (id_column, id_client, id_module, created, updated, active, id_table, id_reference, name, ctype, seqno, primary_key, mandatory, csource) VALUES ('ff80808151382f2a015138602758005b', '0', 'D351EB083EC7E8C4891CD7B25B1E274E', now(), now(), 1, 'ff80808151382f2a0151386023350055', '62F56A31BD0911E4A564BC5FF4671DB4', 'active', 'BOOLEAN', 60, 0, 1, 'DATABASE)');
INSERT INTO ad_column (id_column, id_client, id_module, created, updated, active, id_table, id_reference, name, ctype, seqno, primary_key, mandatory, csource) VALUES ('ff80808151382f2a01513860275d005c', '0', 'D351EB083EC7E8C4891CD7B25B1E274E', now(), now(), 1, 'ff80808151382f2a0151386023350055', 'A05ACA9B2E1A435CA2829CD738279502', 'id_reference', 'STRING', 70, 0, 1, 'DATABASE)');
INSERT INTO ad_column (id_column, id_client, id_module, created, updated, active, id_table, id_reference, name, ctype, seqno, primary_key, mandatory, csource) VALUES ('ff80808151382f2a015138602762005d', '0', 'D351EB083EC7E8C4891CD7B25B1E274E', now(), now(), 1, 'ff80808151382f2a0151386023350055', '56F03512BD0811E4A564BC5FF4671DB4', 'value', 'STRING', 80, 0, 1, 'DATABASE)');
INSERT INTO ad_column (id_column, id_client, id_module, created, updated, active, id_table, id_reference, name, ctype, seqno, primary_key, mandatory, csource) VALUES ('ff80808151382f2a015138602767005e', '0', 'D351EB083EC7E8C4891CD7B25B1E274E', now(), now(), 1, 'ff80808151382f2a0151386023350055', '56F03512BD0811E4A564BC5FF4671DB4', 'name', 'STRING', 90, 0, 1, 'DATABASE)');
INSERT INTO ad_column (id_column, id_client, id_module, created, updated, active, id_table, id_reference, name, ctype, seqno, primary_key, mandatory, csource) VALUES ('ff80808151382f2a01513860276e005f', '0', 'D351EB083EC7E8C4891CD7B25B1E274E', now(), now(), 1, 'ff80808151382f2a0151386023350055', '3E8D4539BD0811E4A564BC5FF4671DB4', 'seqno', 'INTEGER', 100, 0, 0, 'DATABASE)');
INSERT INTO ad_column (id_column, id_client, id_module, created, updated, active, id_table, id_reference, name, ctype, seqno, primary_key, mandatory, csource) VALUES ('ff80808151382f2a01513860b0450061', '0', 'D351EB083EC7E8C4891CD7B25B1E274E', now(), now(), 1, 'ff80808151382f2a01513860abaa0060', '56F03512BD0811E4A564BC5FF4671DB4', 'id_ref_table', 'STRING', 10, 1, 1, 'DATABASE)');
INSERT INTO ad_column (id_column, id_client, id_module, created, updated, active, id_table, id_reference, name, ctype, seqno, primary_key, mandatory, csource) VALUES ('ff80808151382f2a01513860b04b0062', '0', 'D351EB083EC7E8C4891CD7B25B1E274E', now(), now(), 1, 'ff80808151382f2a01513860abaa0060', 'A05ACA9B2E1A435CA2829CD738279503', 'id_client', 'STRING', 20, 0, 1, 'DATABASE)');
INSERT INTO ad_column (id_column, id_client, id_module, created, updated, active, id_table, id_reference, name, ctype, seqno, primary_key, mandatory, csource) VALUES ('ff80808151382f2a01513860b0510063', '0', 'D351EB083EC7E8C4891CD7B25B1E274E', now(), now(), 1, 'ff80808151382f2a01513860abaa0060', 'A05ACA9B2E1A435CA2829CD738279503', 'id_module', 'STRING', 30, 0, 1, 'DATABASE)');
INSERT INTO ad_column (id_column, id_client, id_module, created, updated, active, id_table, id_reference, name, ctype, seqno, primary_key, mandatory, csource) VALUES ('ff80808151382f2a01513860b0560064', '0', 'D351EB083EC7E8C4891CD7B25B1E274E', now(), now(), 1, 'ff80808151382f2a01513860abaa0060', '51C849B7BD0911E4A564BC5FF4671DB4', 'created', 'DATE', 40, 0, 1, 'DATABASE)');
INSERT INTO ad_column (id_column, id_client, id_module, created, updated, active, id_table, id_reference, name, ctype, seqno, primary_key, mandatory, csource) VALUES ('ff80808151382f2a01513860b05c0065', '0', 'D351EB083EC7E8C4891CD7B25B1E274E', now(), now(), 1, 'ff80808151382f2a01513860abaa0060', '51C849B7BD0911E4A564BC5FF4671DB4', 'updated', 'DATE', 50, 0, 1, 'DATABASE)');
INSERT INTO ad_column (id_column, id_client, id_module, created, updated, active, id_table, id_reference, name, ctype, seqno, primary_key, mandatory, csource) VALUES ('ff80808151382f2a01513860b0620066', '0', 'D351EB083EC7E8C4891CD7B25B1E274E', now(), now(), 1, 'ff80808151382f2a01513860abaa0060', '62F56A31BD0911E4A564BC5FF4671DB4', 'active', 'BOOLEAN', 60, 0, 1, 'DATABASE)');
INSERT INTO ad_column (id_column, id_client, id_module, created, updated, active, id_table, id_reference, name, ctype, seqno, primary_key, mandatory, csource) VALUES ('ff80808151382f2a01513860b0680067', '0', 'D351EB083EC7E8C4891CD7B25B1E274E', now(), now(), 1, 'ff80808151382f2a01513860abaa0060', 'A05ACA9B2E1A435CA2829CD738279502', 'id_reference', 'STRING', 70, 0, 1, 'DATABASE)');
INSERT INTO ad_column (id_column, id_client, id_module, created, updated, active, id_table, id_reference, name, ctype, seqno, primary_key, mandatory, csource) VALUES ('ff80808151382f2a01513860b06e0068', '0', 'D351EB083EC7E8C4891CD7B25B1E274E', now(), now(), 1, 'ff80808151382f2a01513860abaa0060', 'A05ACA9B2E1A435CA2829CD738279502', 'id_table', 'STRING', 80, 0, 1, 'DATABASE)');
INSERT INTO ad_column (id_column, id_client, id_module, created, updated, active, id_table, id_reference, name, ctype, seqno, primary_key, mandatory, csource) VALUES ('ff80808151382f2a01513860b0760069', '0', 'D351EB083EC7E8C4891CD7B25B1E274E', now(), now(), 1, 'ff80808151382f2a01513860abaa0060', 'A05ACA9B2E1A435CA2829CD738279503', 'id_key', 'STRING', 90, 0, 1, 'DATABASE)');
INSERT INTO ad_column (id_column, id_client, id_module, created, updated, active, id_table, id_reference, name, ctype, seqno, primary_key, mandatory, csource) VALUES ('ff80808151382f2a01513860b07b006a', '0', 'D351EB083EC7E8C4891CD7B25B1E274E', now(), now(), 1, 'ff80808151382f2a01513860abaa0060', 'A05ACA9B2E1A435CA2829CD738279503', 'id_display', 'STRING', 100, 0, 1, 'DATABASE)');
INSERT INTO ad_column (id_column, id_client, id_module, created, updated, active, id_table, id_reference, name, ctype, seqno, primary_key, mandatory, csource) VALUES ('ff80808151382f2a01513860b080006b', '0', 'D351EB083EC7E8C4891CD7B25B1E274E', now(), now(), 1, 'ff80808151382f2a01513860abaa0060', '56F03512BD0811E4A564BC5FF4671DB4', 'sqlwhere', 'STRING', 110, 0, 0, 'DATABASE)');
INSERT INTO ad_column (id_column, id_client, id_module, created, updated, active, id_table, id_reference, name, ctype, seqno, primary_key, mandatory, csource) VALUES ('ff80808151382f2a01513860b086006c', '0', 'D351EB083EC7E8C4891CD7B25B1E274E', now(), now(), 1, 'ff80808151382f2a01513860abaa0060', '56F03512BD0811E4A564BC5FF4671DB4', 'sqlorderby', 'STRING', 120, 0, 0, 'DATABASE)');
INSERT INTO ad_column (id_column, id_client, id_module, created, updated, active, id_table, id_reference, name, ctype, seqno, primary_key, mandatory, csource) VALUES ('ff80808151382f2a015138611aff006e', '0', 'D351EB083EC7E8C4891CD7B25B1E274E', now(), now(), 1, 'ff80808151382f2a01513861174c006d', '56F03512BD0811E4A564BC5FF4671DB4', 'id_role_priv', 'STRING', 10, 1, 1, 'DATABASE)');
INSERT INTO ad_column (id_column, id_client, id_module, created, updated, active, id_table, id_reference, name, ctype, seqno, primary_key, mandatory, csource) VALUES ('ff80808151382f2a015138611b05006f', '0', 'D351EB083EC7E8C4891CD7B25B1E274E', now(), now(), 1, 'ff80808151382f2a01513861174c006d', 'A05ACA9B2E1A435CA2829CD738279503', 'id_role', 'STRING', 20, 0, 1, 'DATABASE)');
INSERT INTO ad_column (id_column, id_client, id_module, created, updated, active, id_table, id_reference, name, ctype, seqno, primary_key, mandatory, csource) VALUES ('ff80808151382f2a015138611b0a0070', '0', 'D351EB083EC7E8C4891CD7B25B1E274E', now(), now(), 1, 'ff80808151382f2a01513861174c006d', 'A05ACA9B2E1A435CA2829CD738279502', 'id_privilege', 'STRING', 30, 0, 1, 'DATABASE)');
INSERT INTO ad_column (id_column, id_client, id_module, created, updated, active, id_table, id_reference, name, ctype, seqno, primary_key, mandatory, csource) VALUES ('ff80808151382f2a015138611b100071', '0', 'D351EB083EC7E8C4891CD7B25B1E274E', now(), now(), 1, 'ff80808151382f2a01513861174c006d', 'A05ACA9B2E1A435CA2829CD738279503', 'id_client', 'STRING', 40, 0, 1, 'DATABASE)');
INSERT INTO ad_column (id_column, id_client, id_module, created, updated, active, id_table, id_reference, name, ctype, seqno, primary_key, mandatory, csource) VALUES ('ff80808151382f2a015138611b160072', '0', 'D351EB083EC7E8C4891CD7B25B1E274E', now(), now(), 1, 'ff80808151382f2a01513861174c006d', 'A05ACA9B2E1A435CA2829CD738279503', 'id_module', 'STRING', 50, 0, 1, 'DATABASE)');
INSERT INTO ad_column (id_column, id_client, id_module, created, updated, active, id_table, id_reference, name, ctype, seqno, primary_key, mandatory, csource) VALUES ('ff80808151382f2a015138611b1c0073', '0', 'D351EB083EC7E8C4891CD7B25B1E274E', now(), now(), 1, 'ff80808151382f2a01513861174c006d', '51C849B7BD0911E4A564BC5FF4671DB4', 'created', 'DATE', 60, 0, 1, 'DATABASE)');
INSERT INTO ad_column (id_column, id_client, id_module, created, updated, active, id_table, id_reference, name, ctype, seqno, primary_key, mandatory, csource) VALUES ('ff80808151382f2a015138611b210074', '0', 'D351EB083EC7E8C4891CD7B25B1E274E', now(), now(), 1, 'ff80808151382f2a01513861174c006d', '51C849B7BD0911E4A564BC5FF4671DB4', 'updated', 'DATE', 70, 0, 1, 'DATABASE)');
INSERT INTO ad_column (id_column, id_client, id_module, created, updated, active, id_table, id_reference, name, ctype, seqno, primary_key, mandatory, csource) VALUES ('ff80808151382f2a015138611b270075', '0', 'D351EB083EC7E8C4891CD7B25B1E274E', now(), now(), 1, 'ff80808151382f2a01513861174c006d', '62F56A31BD0911E4A564BC5FF4671DB4', 'active', 'BOOLEAN', 80, 0, 1, 'DATABASE)');
INSERT INTO ad_column (id_column, id_client, id_module, created, updated, active, id_table, id_reference, name, ctype, seqno, primary_key, mandatory, csource) VALUES ('ff80808151382f2a0151386163d20077', '0', 'D351EB083EC7E8C4891CD7B25B1E274E', now(), now(), 1, 'ff80808151382f2a015138615fbf0076', '56F03512BD0811E4A564BC5FF4671DB4', 'id_tab', 'STRING', 10, 1, 1, 'DATABASE)');
INSERT INTO ad_column (id_column, id_client, id_module, created, updated, active, id_table, id_reference, name, ctype, seqno, primary_key, mandatory, csource) VALUES ('ff80808151382f2a0151386163d20088', '0', 'D351EB083EC7E8C4891CD7B25B1E274E', now(), now(), 1, 'ff80808151382f2a015138615fbf0076', '6F4C373EBD0911E4A564BC5FF4671DB4', 'btn_fields', 'STRING', 1000, 0, 0, 'BUTTON)');
INSERT INTO ad_column (id_column, id_client, id_module, created, updated, active, id_table, id_reference, name, ctype, seqno, primary_key, mandatory, csource) VALUES ('ff80808151382f2a0151386163d80078', '0', 'D351EB083EC7E8C4891CD7B25B1E274E', now(), now(), 1, 'ff80808151382f2a015138615fbf0076', 'A05ACA9B2E1A435CA2829CD738279503', 'id_client', 'STRING', 20, 0, 1, 'DATABASE)');
INSERT INTO ad_column (id_column, id_client, id_module, created, updated, active, id_table, id_reference, name, ctype, seqno, primary_key, mandatory, csource) VALUES ('ff80808151382f2a0151386163de0079', '0', 'D351EB083EC7E8C4891CD7B25B1E274E', now(), now(), 1, 'ff80808151382f2a015138615fbf0076', 'A05ACA9B2E1A435CA2829CD738279503', 'id_module', 'STRING', 30, 0, 1, 'DATABASE)');
INSERT INTO ad_column (id_column, id_client, id_module, created, updated, active, id_table, id_reference, name, ctype, seqno, primary_key, mandatory, csource) VALUES ('ff80808151382f2a0151386163e3007a', '0', 'D351EB083EC7E8C4891CD7B25B1E274E', now(), now(), 1, 'ff80808151382f2a015138615fbf0076', '51C849B7BD0911E4A564BC5FF4671DB4', 'created', 'DATE', 40, 0, 1, 'DATABASE)');
INSERT INTO ad_column (id_column, id_client, id_module, created, updated, active, id_table, id_reference, name, ctype, seqno, primary_key, mandatory, csource) VALUES ('ff80808151382f2a0151386163e8007b', '0', 'D351EB083EC7E8C4891CD7B25B1E274E', now(), now(), 1, 'ff80808151382f2a015138615fbf0076', '51C849B7BD0911E4A564BC5FF4671DB4', 'updated', 'DATE', 50, 0, 1, 'DATABASE)');
INSERT INTO ad_column (id_column, id_client, id_module, created, updated, active, id_table, id_reference, name, ctype, seqno, primary_key, mandatory, csource) VALUES ('ff80808151382f2a0151386163ed007c', '0', 'D351EB083EC7E8C4891CD7B25B1E274E', now(), now(), 1, 'ff80808151382f2a015138615fbf0076', '62F56A31BD0911E4A564BC5FF4671DB4', 'active', 'BOOLEAN', 60, 0, 1, 'DATABASE)');
INSERT INTO ad_column (id_column, id_client, id_module, created, updated, active, id_table, id_reference, name, ctype, seqno, primary_key, mandatory, csource) VALUES ('ff80808151382f2a0151386163f4007d', '0', 'D351EB083EC7E8C4891CD7B25B1E274E', now(), now(), 1, 'ff80808151382f2a015138615fbf0076', 'A05ACA9B2E1A435CA2829CD738279502', 'id_window', 'STRING', 70, 0, 1, 'DATABASE)');
INSERT INTO ad_column (id_column, id_client, id_module, created, updated, active, id_table, id_reference, name, ctype, seqno, primary_key, mandatory, csource) VALUES ('ff80808151382f2a0151386163f8007e', '0', 'D351EB083EC7E8C4891CD7B25B1E274E', now(), now(), 1, 'ff80808151382f2a015138615fbf0076', 'A05ACA9B2E1A435CA2829CD738279502', 'id_table', 'STRING', 80, 0, 1, 'DATABASE)');
INSERT INTO ad_column (id_column, id_client, id_module, created, updated, active, id_table, id_reference, name, ctype, seqno, primary_key, mandatory, csource) VALUES ('ff80808151382f2a0151386163fe007f', '0', 'D351EB083EC7E8C4891CD7B25B1E274E', now(), now(), 1, 'ff80808151382f2a015138615fbf0076', '56F03512BD0811E4A564BC5FF4671DB4', 'name', 'STRING', 90, 0, 1, 'DATABASE)');
INSERT INTO ad_column (id_column, id_client, id_module, created, updated, active, id_table, id_reference, name, ctype, seqno, primary_key, mandatory, csource) VALUES ('ff80808151382f2a0151386164040080', '0', 'D351EB083EC7E8C4891CD7B25B1E274E', now(), now(), 1, 'ff80808151382f2a015138615fbf0076', '3E8D4539BD0811E4A564BC5FF4671DB4', 'tablevel', 'INTEGER', 100, 0, 1, 'DATABASE)');
INSERT INTO ad_column (id_column, id_client, id_module, created, updated, active, id_table, id_reference, name, ctype, seqno, primary_key, mandatory, csource) VALUES ('ff80808151382f2a01513861640a0081', '0', 'D351EB083EC7E8C4891CD7B25B1E274E', now(), now(), 1, 'ff80808151382f2a015138615fbf0076', '3E8D4539BD0811E4A564BC5FF4671DB4', 'columns', 'INTEGER', 110, 0, 1, 'DATABASE)');
INSERT INTO ad_column (id_column, id_client, id_module, created, updated, active, id_table, id_reference, name, ctype, seqno, primary_key, mandatory, csource) VALUES ('ff80808151382f2a0151386164110082', '0', 'D351EB083EC7E8C4891CD7B25B1E274E', now(), now(), 1, 'ff80808151382f2a015138615fbf0076', '3E8D4539BD0811E4A564BC5FF4671DB4', 'seqno', 'INTEGER', 120, 0, 0, 'DATABASE)');
INSERT INTO ad_column (id_column, id_client, id_module, created, updated, active, id_table, id_reference, name, ctype, seqno, primary_key, mandatory, csource) VALUES ('ff80808151382f2a0151386164160083', '0', 'D351EB083EC7E8C4891CD7B25B1E274E', now(), now(), 1, 'ff80808151382f2a015138615fbf0076', '036E0E7D12294B0D9EB574261739EA5C', 'uipattern', 'STRING', 130, 0, 1, 'DATABASE)');
INSERT INTO ad_column (id_column, id_client, id_module, created, updated, active, id_table, id_reference, name, ctype, seqno, primary_key, mandatory, csource) VALUES ('ff80808151382f2a01513861641b0084', '0', 'D351EB083EC7E8C4891CD7B25B1E274E', now(), now(), 1, 'ff80808151382f2a015138615fbf0076', '036E0E7D12294B0D9EB574261739EA5C', 'ttype', 'STRING', 140, 0, 1, 'DATABASE)');
INSERT INTO ad_column (id_column, id_client, id_module, created, updated, active, id_table, id_reference, name, ctype, seqno, primary_key, mandatory, csource) VALUES ('ff80808151382f2a0151386164200085', '0', 'D351EB083EC7E8C4891CD7B25B1E274E', now(), now(), 1, 'ff80808151382f2a015138615fbf0076', '56F03512BD0811E4A564BC5FF4671DB4', 'sqlwhere', 'STRING', 150, 0, 0, 'DATABASE)');
INSERT INTO ad_column (id_column, id_client, id_module, created, updated, active, id_table, id_reference, name, ctype, seqno, primary_key, mandatory, csource) VALUES ('ff80808151382f2a0151386164250086', '0', 'D351EB083EC7E8C4891CD7B25B1E274E', now(), now(), 1, 'ff80808151382f2a015138615fbf0076', '56F03512BD0811E4A564BC5FF4671DB4', 'sqlorderby', 'STRING', 160, 0, 0, 'DATABASE)');
INSERT INTO ad_column (id_column, id_client, id_module, created, updated, active, id_table, id_reference, name, ctype, seqno, primary_key, mandatory, csource) VALUES ('ff80808151382f2a01513861642b0087', '0', 'D351EB083EC7E8C4891CD7B25B1E274E', now(), now(), 1, 'ff80808151382f2a015138615fbf0076', '56F03512BD0811E4A564BC5FF4671DB4', 'displaylogic', 'STRING', 170, 0, 0, 'DATABASE)');
INSERT INTO ad_column (id_column, id_client, id_module, created, updated, active, id_table, id_reference, name, ctype, seqno, primary_key, mandatory, csource) VALUES ('ff80808151382f2a01513861e03c0089', '0', 'D351EB083EC7E8C4891CD7B25B1E274E', now(), now(), 1, 'ff80808151382f2a01513861db7d0088', '56F03512BD0811E4A564BC5FF4671DB4', 'id_translation', 'STRING', 10, 1, 1, 'DATABASE)');
INSERT INTO ad_column (id_column, id_client, id_module, created, updated, active, id_table, id_reference, name, ctype, seqno, primary_key, mandatory, csource) VALUES ('ff80808151382f2a01513861e041008a', '0', 'D351EB083EC7E8C4891CD7B25B1E274E', now(), now(), 1, 'ff80808151382f2a01513861db7d0088', 'A05ACA9B2E1A435CA2829CD738279503', 'id_client', 'STRING', 20, 0, 1, 'DATABASE)');
INSERT INTO ad_column (id_column, id_client, id_module, created, updated, active, id_table, id_reference, name, ctype, seqno, primary_key, mandatory, csource) VALUES ('ff80808151382f2a01513861e047008b', '0', 'D351EB083EC7E8C4891CD7B25B1E274E', now(), now(), 1, 'ff80808151382f2a01513861db7d0088', 'A05ACA9B2E1A435CA2829CD738279503', 'id_module', 'STRING', 30, 0, 1, 'DATABASE)');
INSERT INTO ad_column (id_column, id_client, id_module, created, updated, active, id_table, id_reference, name, ctype, seqno, primary_key, mandatory, csource) VALUES ('ff80808151382f2a01513861e04c008c', '0', 'D351EB083EC7E8C4891CD7B25B1E274E', now(), now(), 1, 'ff80808151382f2a01513861db7d0088', '51C849B7BD0911E4A564BC5FF4671DB4', 'created', 'DATE', 40, 0, 1, 'DATABASE)');
INSERT INTO ad_column (id_column, id_client, id_module, created, updated, active, id_table, id_reference, name, ctype, seqno, primary_key, mandatory, csource) VALUES ('ff80808151382f2a01513861e052008d', '0', 'D351EB083EC7E8C4891CD7B25B1E274E', now(), now(), 1, 'ff80808151382f2a01513861db7d0088', '51C849B7BD0911E4A564BC5FF4671DB4', 'updated', 'DATE', 50, 0, 1, 'DATABASE)');
INSERT INTO ad_column (id_column, id_client, id_module, created, updated, active, id_table, id_reference, name, ctype, seqno, primary_key, mandatory, csource) VALUES ('ff80808151382f2a01513861e057008e', '0', 'D351EB083EC7E8C4891CD7B25B1E274E', now(), now(), 1, 'ff80808151382f2a01513861db7d0088', '62F56A31BD0911E4A564BC5FF4671DB4', 'active', 'BOOLEAN', 60, 0, 1, 'DATABASE)');
INSERT INTO ad_column (id_column, id_client, id_module, created, updated, active, id_table, id_reference, name, ctype, seqno, primary_key, mandatory, csource) VALUES ('ff80808151382f2a01513861e05f008f', '0', 'D351EB083EC7E8C4891CD7B25B1E274E', now(), now(), 1, 'ff80808151382f2a01513861db7d0088', '56F03512BD0811E4A564BC5FF4671DB4', 'id_language', 'STRING', 70, 0, 1, 'DATABASE)');
INSERT INTO ad_column (id_column, id_client, id_module, created, updated, active, id_table, id_reference, name, ctype, seqno, primary_key, mandatory, csource) VALUES ('ff80808151382f2a01513861e0640090', '0', 'D351EB083EC7E8C4891CD7B25B1E274E', now(), now(), 1, 'ff80808151382f2a01513861db7d0088', '56F03512BD0811E4A564BC5FF4671DB4', 'id_table', 'STRING', 80, 0, 1, 'DATABASE)');
INSERT INTO ad_column (id_column, id_client, id_module, created, updated, active, id_table, id_reference, name, ctype, seqno, primary_key, mandatory, csource) VALUES ('ff80808151382f2a01513861e0690091', '0', 'D351EB083EC7E8C4891CD7B25B1E274E', now(), now(), 1, 'ff80808151382f2a01513861db7d0088', '56F03512BD0811E4A564BC5FF4671DB4', 'rowkey', 'STRING', 90, 0, 1, 'DATABASE)');
INSERT INTO ad_column (id_column, id_client, id_module, created, updated, active, id_table, id_reference, name, ctype, seqno, primary_key, mandatory, csource) VALUES ('ff80808151382f2a01513861e06f0092', '0', 'D351EB083EC7E8C4891CD7B25B1E274E', now(), now(), 1, 'ff80808151382f2a01513861db7d0088', '56F03512BD0811E4A564BC5FF4671DB4', 'id_column', 'STRING', 100, 0, 1, 'DATABASE)');
INSERT INTO ad_column (id_column, id_client, id_module, created, updated, active, id_table, id_reference, name, ctype, seqno, primary_key, mandatory, csource) VALUES ('ff80808151382f2a01513861e0730093', '0', 'D351EB083EC7E8C4891CD7B25B1E274E', now(), now(), 1, 'ff80808151382f2a01513861db7d0088', '56F03512BD0811E4A564BC5FF4671DB4', 'translation', 'STRING', 110, 0, 1, 'DATABASE)');
INSERT INTO ad_column (id_column, id_client, id_module, created, updated, active, id_table, id_reference, name, ctype, seqno, primary_key, mandatory, csource) VALUES ('ff80808151382f2a01513861e07b0094', '0', 'D351EB083EC7E8C4891CD7B25B1E274E', now(), now(), 1, 'ff80808151382f2a01513861db7d0088', '56F03512BD0811E4A564BC5FF4671DB4', 'path', 'STRING', 120, 0, 1, 'DATABASE)');
INSERT INTO ad_column (id_column, id_client, id_module, created, updated, active, id_table, id_reference, name, ctype, seqno, primary_key, mandatory, csource) VALUES ('ff80808151382f2a015138623d9e0096', '0', 'D351EB083EC7E8C4891CD7B25B1E274E', now(), now(), 1, 'ff80808151382f2a0151386238c70095', '56F03512BD0811E4A564BC5FF4671DB4', 'id_user', 'STRING', 10, 1, 1, 'DATABASE)');
INSERT INTO ad_column (id_column, id_client, id_module, created, updated, active, id_table, id_reference, name, ctype, seqno, primary_key, mandatory, csource) VALUES ('ff80808151382f2a015138623da30097', '0', 'D351EB083EC7E8C4891CD7B25B1E274E', now(), now(), 1, 'ff80808151382f2a0151386238c70095', 'A05ACA9B2E1A435CA2829CD738279503', 'id_client', 'STRING', 20, 0, 1, 'DATABASE)');
INSERT INTO ad_column (id_column, id_client, id_module, created, updated, active, id_table, id_reference, name, ctype, seqno, primary_key, mandatory, csource) VALUES ('ff80808151382f2a015138623da70098', '0', 'D351EB083EC7E8C4891CD7B25B1E274E', now(), now(), 1, 'ff80808151382f2a0151386238c70095', '51C849B7BD0911E4A564BC5FF4671DB4', 'created', 'DATE', 30, 0, 1, 'DATABASE)');
INSERT INTO ad_column (id_column, id_client, id_module, created, updated, active, id_table, id_reference, name, ctype, seqno, primary_key, mandatory, csource) VALUES ('ff80808151382f2a015138623dac0099', '0', 'D351EB083EC7E8C4891CD7B25B1E274E', now(), now(), 1, 'ff80808151382f2a0151386238c70095', '51C849B7BD0911E4A564BC5FF4671DB4', 'updated', 'DATE', 40, 0, 1, 'DATABASE)');
INSERT INTO ad_column (id_column, id_client, id_module, created, updated, active, id_table, id_reference, name, ctype, seqno, primary_key, mandatory, csource) VALUES ('ff80808151382f2a015138623db1009a', '0', 'D351EB083EC7E8C4891CD7B25B1E274E', now(), now(), 1, 'ff80808151382f2a0151386238c70095', '62F56A31BD0911E4A564BC5FF4671DB4', 'active', 'BOOLEAN', 50, 0, 1, 'DATABASE)');
INSERT INTO ad_column (id_column, id_client, id_module, created, updated, active, id_table, id_reference, name, ctype, seqno, primary_key, mandatory, csource) VALUES ('ff80808151382f2a015138623db8009b', '0', 'D351EB083EC7E8C4891CD7B25B1E274E', now(), now(), 1, 'ff80808151382f2a0151386238c70095', '56F03512BD0811E4A564BC5FF4671DB4', 'name', 'STRING', 60, 0, 1, 'DATABASE)');
INSERT INTO ad_column (id_column, id_client, id_module, created, updated, active, id_table, id_reference, name, ctype, seqno, primary_key, mandatory, csource) VALUES ('ff80808151382f2a015138623dbd009c', '0', 'D351EB083EC7E8C4891CD7B25B1E274E', now(), now(), 1, 'ff80808151382f2a0151386238c70095', '56F03512BD0811E4A564BC5FF4671DB4', 'username', 'STRING', 70, 0, 1, 'DATABASE)');
INSERT INTO ad_column (id_column, id_client, id_module, created, updated, active, id_table, id_reference, name, ctype, seqno, primary_key, mandatory, csource) VALUES ('ff80808151382f2a015138623dc3009d', '0', 'D351EB083EC7E8C4891CD7B25B1E274E', now(), now(), 1, 'ff80808151382f2a0151386238c70095', '8DB8794BBD0911E4A564BC5FF4671DB4', 'password', 'STRING', 80, 0, 1, 'DATABASE)');
INSERT INTO ad_column (id_column, id_client, id_module, created, updated, active, id_table, id_reference, name, ctype, seqno, primary_key, mandatory, csource) VALUES ('ff80808151382f2a015138623dca009e', '0', 'D351EB083EC7E8C4891CD7B25B1E274E', now(), now(), 1, 'ff80808151382f2a0151386238c70095', '56F03512BD0811E4A564BC5FF4671DB4', 'phone', 'STRING', 90, 0, 0, 'DATABASE)');
INSERT INTO ad_column (id_column, id_client, id_module, created, updated, active, id_table, id_reference, name, ctype, seqno, primary_key, mandatory, csource) VALUES ('ff80808151382f2a015138623dce009f', '0', 'D351EB083EC7E8C4891CD7B25B1E274E', now(), now(), 1, 'ff80808151382f2a0151386238c70095', '56F03512BD0811E4A564BC5FF4671DB4', 'phone_mobile', 'STRING', 100, 0, 0, 'DATABASE)');
INSERT INTO ad_column (id_column, id_client, id_module, created, updated, active, id_table, id_reference, name, ctype, seqno, primary_key, mandatory, csource) VALUES ('ff80808151382f2a015138623dd400a0', '0', 'D351EB083EC7E8C4891CD7B25B1E274E', now(), now(), 1, 'ff80808151382f2a0151386238c70095', '9B17B5448B9A4E15BBCE96EE17B0CF85', 'email', 'STRING', 110, 0, 0, 'DATABASE)');
INSERT INTO ad_column (id_column, id_client, id_module, created, updated, active, id_table, id_reference, name, ctype, seqno, primary_key, mandatory, csource) VALUES ('ff80808151382f2a015138623de100a1', '0', 'D351EB083EC7E8C4891CD7B25B1E274E', now(), now(), 1, 'ff80808151382f2a0151386238c70095', '56F03512BD0811E4A564BC5FF4671DB4', 'fax', 'STRING', 120, 0, 0, 'DATABASE)');
INSERT INTO ad_column (id_column, id_client, id_module, created, updated, active, id_table, id_reference, name, ctype, seqno, primary_key, mandatory, csource) VALUES ('ff80808151382f2a015138623de600a2', '0', 'D351EB083EC7E8C4891CD7B25B1E274E', now(), now(), 1, 'ff80808151382f2a0151386238c70095', 'A05ACA9B2E1A435CA2829CD738279503', 'default_id_language', 'STRING', 130, 0, 1, 'DATABASE)');
INSERT INTO ad_column (id_column, id_client, id_module, created, updated, active, id_table, id_reference, name, ctype, seqno, primary_key, mandatory, csource) VALUES ('ff80808151382f2a015138623deb00a3', '0', 'D351EB083EC7E8C4891CD7B25B1E274E', now(), now(), 1, 'ff80808151382f2a0151386238c70095', 'A05ACA9B2E1A435CA2829CD738279503', 'default_id_role', 'STRING', 140, 0, 1, 'DATABASE)');
INSERT INTO ad_column (id_column, id_client, id_module, created, updated, active, id_table, id_reference, name, ctype, seqno, primary_key, mandatory, csource) VALUES ('ff80808151382f2a015138629fee00a5', '0', 'D351EB083EC7E8C4891CD7B25B1E274E', now(), now(), 1, 'ff80808151382f2a015138629ad800a4', '56F03512BD0811E4A564BC5FF4671DB4', 'id_user_roles', 'STRING', 10, 1, 1, 'DATABASE)');
INSERT INTO ad_column (id_column, id_client, id_module, created, updated, active, id_table, id_reference, name, ctype, seqno, primary_key, mandatory, csource) VALUES ('ff80808151382f2a015138629ff100a6', '0', 'D351EB083EC7E8C4891CD7B25B1E274E', now(), now(), 1, 'ff80808151382f2a015138629ad800a4', 'A05ACA9B2E1A435CA2829CD738279503', 'id_role', 'STRING', 20, 0, 1, 'DATABASE)');
INSERT INTO ad_column (id_column, id_client, id_module, created, updated, active, id_table, id_reference, name, ctype, seqno, primary_key, mandatory, csource) VALUES ('ff80808151382f2a015138629ff500a7', '0', 'D351EB083EC7E8C4891CD7B25B1E274E', now(), now(), 1, 'ff80808151382f2a015138629ad800a4', 'A05ACA9B2E1A435CA2829CD738279502', 'id_user', 'STRING', 30, 0, 1, 'DATABASE)');
INSERT INTO ad_column (id_column, id_client, id_module, created, updated, active, id_table, id_reference, name, ctype, seqno, primary_key, mandatory, csource) VALUES ('ff80808151382f2a015138629ff900a8', '0', 'D351EB083EC7E8C4891CD7B25B1E274E', now(), now(), 1, 'ff80808151382f2a015138629ad800a4', 'A05ACA9B2E1A435CA2829CD738279503', 'id_client', 'STRING', 40, 0, 1, 'DATABASE)');
INSERT INTO ad_column (id_column, id_client, id_module, created, updated, active, id_table, id_reference, name, ctype, seqno, primary_key, mandatory, csource) VALUES ('ff80808151382f2a015138629ffd00a9', '0', 'D351EB083EC7E8C4891CD7B25B1E274E', now(), now(), 1, 'ff80808151382f2a015138629ad800a4', '51C849B7BD0911E4A564BC5FF4671DB4', 'created', 'DATE', 50, 0, 1, 'DATABASE)');
INSERT INTO ad_column (id_column, id_client, id_module, created, updated, active, id_table, id_reference, name, ctype, seqno, primary_key, mandatory, csource) VALUES ('ff80808151382f2a01513862a00200aa', '0', 'D351EB083EC7E8C4891CD7B25B1E274E', now(), now(), 1, 'ff80808151382f2a015138629ad800a4', '51C849B7BD0911E4A564BC5FF4671DB4', 'updated', 'DATE', 60, 0, 1, 'DATABASE)');
INSERT INTO ad_column (id_column, id_client, id_module, created, updated, active, id_table, id_reference, name, ctype, seqno, primary_key, mandatory, csource) VALUES ('ff80808151382f2a01513862a00600ab', '0', 'D351EB083EC7E8C4891CD7B25B1E274E', now(), now(), 1, 'ff80808151382f2a015138629ad800a4', '62F56A31BD0911E4A564BC5FF4671DB4', 'active', 'BOOLEAN', 70, 0, 1, 'DATABASE)');
INSERT INTO ad_column (id_column, id_client, id_module, created, updated, active, id_table, id_reference, name, ctype, seqno, primary_key, mandatory, csource) VALUES ('ff80808151387fb201513881d0a70001', '0', 'D351EB083EC7E8C4891CD7B25B1E274E', now(), now(), 1, 'ff80808150dba1800150dba69dee0018', 'A05ACA9B2E1A435CA2829CD738279503', 'id_reference_value', 'STRING', 230, 0, 0, 'DATABASE)');
INSERT INTO ad_column (id_column, id_client, id_module, created, updated, active, id_table, id_reference, name, ctype, seqno, primary_key, mandatory, csource) VALUES ('ff80808151387fb201513881d0ba0002', '0', 'D351EB083EC7E8C4891CD7B25B1E274E', now(), now(), 1, 'ff80808150dba1800150dba69dee0018', '62F56A31BD0911E4A564BC5FF4671DB4', 'link_parent', 'BOOLEAN', 240, 0, 0, 'DATABASE)');
INSERT INTO ad_column (id_column, id_client, id_module, created, updated, active, id_table, id_reference, name, ctype, seqno, primary_key, mandatory, csource) VALUES ('ff80808151387fb201513881d0ca0003', '0', 'D351EB083EC7E8C4891CD7B25B1E274E', now(), now(), 1, 'ff80808151382f2a0151385c9296000d', '56F03512BD0811E4A564BC5FF4671DB4', 'caption', 'STRING', 250, 0, 1, 'DATABASE)');
INSERT INTO ad_column (id_column, id_client, id_module, created, updated, active, id_table, id_reference, name, ctype, seqno, primary_key, mandatory, csource) VALUES ('ff80808151387fb201513881d0d30004', '0', 'D351EB083EC7E8C4891CD7B25B1E274E', now(), now(), 1, 'ff80808150dba1800150dba69dee0018', '62F56A31BD0911E4A564BC5FF4671DB4', 'translatable', 'BOOLEAN', 260, 0, 1, 'DATABASE)');
INSERT INTO ad_column (id_column, id_client, id_module, created, updated, active, id_table, id_reference, name, ctype, seqno, primary_key, mandatory, csource) VALUES ('ff8080815149fdd001514a37ca670015', '0', 'D351EB083EC7E8C4891CD7B25B1E274E', now(), now(), 1, 'ff8080815149fdd001514a37be7d0014', '56F03512BD0811E4A564BC5FF4671DB4', 'id_ref_button', 'STRING', 10, 1, 1, 'DATABASE)');
INSERT INTO ad_column (id_column, id_client, id_module, created, updated, active, id_table, id_reference, name, ctype, seqno, primary_key, mandatory, csource) VALUES ('ff8080815149fdd001514a37ca710016', '0', 'D351EB083EC7E8C4891CD7B25B1E274E', now(), now(), 1, 'ff8080815149fdd001514a37be7d0014', 'A05ACA9B2E1A435CA2829CD738279503', 'id_client', 'STRING', 20, 0, 1, 'DATABASE)');
INSERT INTO ad_column (id_column, id_client, id_module, created, updated, active, id_table, id_reference, name, ctype, seqno, primary_key, mandatory, csource) VALUES ('ff8080815149fdd001514a37ca780017', '0', 'D351EB083EC7E8C4891CD7B25B1E274E', now(), now(), 1, 'ff8080815149fdd001514a37be7d0014', 'A05ACA9B2E1A435CA2829CD738279503', 'id_module', 'STRING', 30, 0, 1, 'DATABASE)');
INSERT INTO ad_column (id_column, id_client, id_module, created, updated, active, id_table, id_reference, name, ctype, seqno, primary_key, mandatory, csource) VALUES ('ff8080815149fdd001514a37ca7f0018', '0', 'D351EB083EC7E8C4891CD7B25B1E274E', now(), now(), 1, 'ff8080815149fdd001514a37be7d0014', '51C849B7BD0911E4A564BC5FF4671DB4', 'created', 'DATE', 40, 0, 1, 'DATABASE)');
INSERT INTO ad_column (id_column, id_client, id_module, created, updated, active, id_table, id_reference, name, ctype, seqno, primary_key, mandatory, csource) VALUES ('ff8080815149fdd001514a37ca870019', '0', 'D351EB083EC7E8C4891CD7B25B1E274E', now(), now(), 1, 'ff8080815149fdd001514a37be7d0014', '51C849B7BD0911E4A564BC5FF4671DB4', 'updated', 'DATE', 50, 0, 1, 'DATABASE)');
INSERT INTO ad_column (id_column, id_client, id_module, created, updated, active, id_table, id_reference, name, ctype, seqno, primary_key, mandatory, csource) VALUES ('ff8080815149fdd001514a37ca8f001a', '0', 'D351EB083EC7E8C4891CD7B25B1E274E', now(), now(), 1, 'ff8080815149fdd001514a37be7d0014', '62F56A31BD0911E4A564BC5FF4671DB4', 'active', 'BOOLEAN', 60, 0, 1, 'DATABASE)');
INSERT INTO ad_column (id_column, id_client, id_module, created, updated, active, id_table, id_reference, name, ctype, seqno, primary_key, mandatory, csource) VALUES ('ff8080815149fdd001514a37ca97001b', '0', 'D351EB083EC7E8C4891CD7B25B1E274E', now(), now(), 1, 'ff8080815149fdd001514a37be7d0014', 'A05ACA9B2E1A435CA2829CD738279502', 'id_reference', 'STRING', 70, 0, 1, 'DATABASE)');
INSERT INTO ad_column (id_column, id_client, id_module, created, updated, active, id_table, id_reference, name, ctype, seqno, primary_key, mandatory, csource) VALUES ('ff8080815149fdd001514a37ca9f001c', '0', 'D351EB083EC7E8C4891CD7B25B1E274E', now(), now(), 1, 'ff8080815149fdd001514a37be7d0014', '036E0E7D12294B0D9EB574261739EA5C', 'btype', 'STRING', 80, 0, 1, 'DATABASE)');
INSERT INTO ad_column (id_column, id_client, id_module, created, updated, active, id_table, id_reference, name, ctype, seqno, primary_key, mandatory, csource) VALUES ('ff8080815149fdd001514a37caa6001d', '0', 'D351EB083EC7E8C4891CD7B25B1E274E', now(), now(), 1, 'ff8080815149fdd001514a37be7d0014', 'A05ACA9B2E1A435CA2829CD738279502', 'id_process', 'STRING', 90, 0, 0, 'DATABASE)');
INSERT INTO ad_column (id_column, id_client, id_module, created, updated, active, id_table, id_reference, name, ctype, seqno, primary_key, mandatory, csource) VALUES ('ff8080815149fdd001514a37caaf001e', '0', 'D351EB083EC7E8C4891CD7B25B1E274E', now(), now(), 1, 'ff8080815149fdd001514a37be7d0014', '56F03512BD0811E4A564BC5FF4671DB4', 'js_code', 'STRING', 100, 0, 0, 'DATABASE)');
INSERT INTO ad_column (id_column, id_client, id_module, created, updated, active, id_table, id_reference, name, ctype, seqno, primary_key, mandatory, csource) VALUES ('ff808081514cd18b01514cd8ab2e0001', '0', 'D351EB083EC7E8C4891CD7B25B1E274E', now(), now(), 1, 'ff808081514cd18b01514cd89cfb0000', '56F03512BD0811E4A564BC5FF4671DB4', 'id_process_exec', 'STRING', 10, 1, 1, 'DATABASE)');
INSERT INTO ad_column (id_column, id_client, id_module, created, updated, active, id_table, id_reference, name, ctype, seqno, primary_key, mandatory, csource) VALUES ('ff808081514cd18b01514cd8ab3d0002', '0', 'D351EB083EC7E8C4891CD7B25B1E274E', now(), now(), 1, 'ff808081514cd18b01514cd89cfb0000', 'A05ACA9B2E1A435CA2829CD738279503', 'id_client', 'STRING', 20, 0, 1, 'DATABASE)');
INSERT INTO ad_column (id_column, id_client, id_module, created, updated, active, id_table, id_reference, name, ctype, seqno, primary_key, mandatory, csource) VALUES ('ff808081514cd18b01514cd8ab440003', '0', 'D351EB083EC7E8C4891CD7B25B1E274E', now(), now(), 1, 'ff808081514cd18b01514cd89cfb0000', 'A05ACA9B2E1A435CA2829CD738279503', 'id_module', 'STRING', 30, 0, 1, 'DATABASE)');
INSERT INTO ad_column (id_column, id_client, id_module, created, updated, active, id_table, id_reference, name, ctype, seqno, primary_key, mandatory, csource) VALUES ('ff808081514cd18b01514cd8ab4c0004', '0', 'D351EB083EC7E8C4891CD7B25B1E274E', now(), now(), 1, 'ff808081514cd18b01514cd89cfb0000', '51C849B7BD0911E4A564BC5FF4671DB4', 'created', 'DATE', 40, 0, 1, 'DATABASE)');
INSERT INTO ad_column (id_column, id_client, id_module, created, updated, active, id_table, id_reference, name, ctype, seqno, primary_key, mandatory, csource) VALUES ('ff808081514cd18b01514cd8ab530005', '0', 'D351EB083EC7E8C4891CD7B25B1E274E', now(), now(), 1, 'ff808081514cd18b01514cd89cfb0000', '51C849B7BD0911E4A564BC5FF4671DB4', 'updated', 'DATE', 50, 0, 1, 'DATABASE)');
INSERT INTO ad_column (id_column, id_client, id_module, created, updated, active, id_table, id_reference, name, ctype, seqno, primary_key, mandatory, csource) VALUES ('ff808081514cd18b01514cd8ab5b0006', '0', 'D351EB083EC7E8C4891CD7B25B1E274E', now(), now(), 1, 'ff808081514cd18b01514cd89cfb0000', '62F56A31BD0911E4A564BC5FF4671DB4', 'active', 'BOOLEAN', 60, 0, 1, 'DATABASE)');
INSERT INTO ad_column (id_column, id_client, id_module, created, updated, active, id_table, id_reference, name, ctype, seqno, primary_key, mandatory, csource) VALUES ('ff808081514cd18b01514cd8ab640007', '0', 'D351EB083EC7E8C4891CD7B25B1E274E', now(), now(), 1, 'ff808081514cd18b01514cd89cfb0000', '56F03512BD0811E4A564BC5FF4671DB4', 'id_user', 'STRING', 70, 0, 1, 'DATABASE)');
INSERT INTO ad_column (id_column, id_client, id_module, created, updated, active, id_table, id_reference, name, ctype, seqno, primary_key, mandatory, csource) VALUES ('ff808081514cd18b01514cd8ab6e0008', '0', 'D351EB083EC7E8C4891CD7B25B1E274E', now(), now(), 1, 'ff808081514cd18b01514cd89cfb0000', '51C849B7BD0911E4A564BC5FF4671DB4', 'started', 'DATE', 80, 0, 1, 'DATABASE)');
INSERT INTO ad_column (id_column, id_client, id_module, created, updated, active, id_table, id_reference, name, ctype, seqno, primary_key, mandatory, csource) VALUES ('ff808081514cd18b01514cd8ab750009', '0', 'D351EB083EC7E8C4891CD7B25B1E274E', now(), now(), 1, 'ff808081514cd18b01514cd89cfb0000', '51C849B7BD0911E4A564BC5FF4671DB4', 'finished', 'DATE', 90, 0, 1, 'DATABASE)');
INSERT INTO ad_column (id_column, id_client, id_module, created, updated, active, id_table, id_reference, name, ctype, seqno, primary_key, mandatory, csource) VALUES ('ff808081514cd18b01514cd8ab7d000a', '0', 'D351EB083EC7E8C4891CD7B25B1E274E', now(), now(), 1, 'ff808081514cd18b01514cd89cfb0000', '036E0E7D12294B0D9EB574261739EA5C', 'status', 'STRING', 100, 0, 1, 'DATABASE)');
INSERT INTO ad_column (id_column, id_client, id_module, created, updated, active, id_table, id_reference, name, ctype, seqno, primary_key, mandatory, csource) VALUES ('ff808081514cd18b01514ce7c2750019', '0', 'D351EB083EC7E8C4891CD7B25B1E274E', now(), now(), 1, 'ff808081514cd18b01514ce7b60f0018', '56F03512BD0811E4A564BC5FF4671DB4', 'id_process_log', 'STRING', 10, 1, 1, 'DATABASE)');
INSERT INTO ad_column (id_column, id_client, id_module, created, updated, active, id_table, id_reference, name, ctype, seqno, primary_key, mandatory, csource) VALUES ('ff808081514cd18b01514ce7c27c001a', '0', 'D351EB083EC7E8C4891CD7B25B1E274E', now(), now(), 1, 'ff808081514cd18b01514ce7b60f0018', 'A05ACA9B2E1A435CA2829CD738279503', 'id_client', 'STRING', 20, 0, 1, 'DATABASE)');
INSERT INTO ad_column (id_column, id_client, id_module, created, updated, active, id_table, id_reference, name, ctype, seqno, primary_key, mandatory, csource) VALUES ('ff808081514cd18b01514ce7c282001b', '0', 'D351EB083EC7E8C4891CD7B25B1E274E', now(), now(), 1, 'ff808081514cd18b01514ce7b60f0018', 'A05ACA9B2E1A435CA2829CD738279503', 'id_module', 'STRING', 30, 0, 1, 'DATABASE)');
INSERT INTO ad_column (id_column, id_client, id_module, created, updated, active, id_table, id_reference, name, ctype, seqno, primary_key, mandatory, csource) VALUES ('ff808081514cd18b01514ce7c289001c', '0', 'D351EB083EC7E8C4891CD7B25B1E274E', now(), now(), 1, 'ff808081514cd18b01514ce7b60f0018', '51C849B7BD0911E4A564BC5FF4671DB4', 'created', 'DATE', 40, 0, 1, 'DATABASE)');
INSERT INTO ad_column (id_column, id_client, id_module, created, updated, active, id_table, id_reference, name, ctype, seqno, primary_key, mandatory, csource) VALUES ('ff808081514cd18b01514ce7c28f001d', '0', 'D351EB083EC7E8C4891CD7B25B1E274E', now(), now(), 1, 'ff808081514cd18b01514ce7b60f0018', '51C849B7BD0911E4A564BC5FF4671DB4', 'updated', 'DATE', 50, 0, 1, 'DATABASE)');
INSERT INTO ad_column (id_column, id_client, id_module, created, updated, active, id_table, id_reference, name, ctype, seqno, primary_key, mandatory, csource) VALUES ('ff808081514cd18b01514ce7c296001e', '0', 'D351EB083EC7E8C4891CD7B25B1E274E', now(), now(), 1, 'ff808081514cd18b01514ce7b60f0018', '62F56A31BD0911E4A564BC5FF4671DB4', 'active', 'BOOLEAN', 60, 0, 1, 'DATABASE)');
INSERT INTO ad_column (id_column, id_client, id_module, created, updated, active, id_table, id_reference, name, ctype, seqno, primary_key, mandatory, csource) VALUES ('ff808081514cd18b01514ce7c29d001f', '0', 'D351EB083EC7E8C4891CD7B25B1E274E', now(), now(), 1, 'ff808081514cd18b01514ce7b60f0018', '56F03512BD0811E4A564BC5FF4671DB4', 'ltype', 'STRING', 70, 0, 1, 'DATABASE)');
INSERT INTO ad_column (id_column, id_client, id_module, created, updated, active, id_table, id_reference, name, ctype, seqno, primary_key, mandatory, csource) VALUES ('ff808081514cd18b01514ce7c2a40020', '0', 'D351EB083EC7E8C4891CD7B25B1E274E', now(), now(), 1, 'ff808081514cd18b01514ce7b60f0018', '56F03512BD0811E4A564BC5FF4671DB4', 'log', 'STRING', 80, 0, 1, 'DATABASE)');
INSERT INTO ad_column (id_column, id_client, id_module, created, updated, active, id_table, id_reference, name, ctype, seqno, primary_key, mandatory, csource) VALUES ('ff808081514cd18b01514cea8ca60022', '0', 'D351EB083EC7E8C4891CD7B25B1E274E', now(), now(), 1, 'ff808081514cd18b01514cea84da0021', '56F03512BD0811E4A564BC5FF4671DB4', 'id_client_module', 'STRING', 10, 1, 1, 'DATABASE)');
INSERT INTO ad_column (id_column, id_client, id_module, created, updated, active, id_table, id_reference, name, ctype, seqno, primary_key, mandatory, csource) VALUES ('ff808081514cd18b01514cea8cac0023', '0', 'D351EB083EC7E8C4891CD7B25B1E274E', now(), now(), 1, 'ff808081514cd18b01514cea84da0021', 'A05ACA9B2E1A435CA2829CD738279503', 'id_client', 'STRING', 20, 0, 1, 'DATABASE)');
INSERT INTO ad_column (id_column, id_client, id_module, created, updated, active, id_table, id_reference, name, ctype, seqno, primary_key, mandatory, csource) VALUES ('ff808081514cd18b01514cea8cb20024', '0', 'D351EB083EC7E8C4891CD7B25B1E274E', now(), now(), 1, 'ff808081514cd18b01514cea84da0021', 'A05ACA9B2E1A435CA2829CD738279503', 'id_module', 'STRING', 30, 0, 1, 'DATABASE)');
INSERT INTO ad_column (id_column, id_client, id_module, created, updated, active, id_table, id_reference, name, ctype, seqno, primary_key, mandatory, csource) VALUES ('ff808081514cd18b01514cea8cb80025', '0', 'D351EB083EC7E8C4891CD7B25B1E274E', now(), now(), 1, 'ff808081514cd18b01514cea84da0021', '51C849B7BD0911E4A564BC5FF4671DB4', 'created', 'DATE', 40, 0, 1, 'DATABASE)');
INSERT INTO ad_column (id_column, id_client, id_module, created, updated, active, id_table, id_reference, name, ctype, seqno, primary_key, mandatory, csource) VALUES ('ff808081514cd18b01514cea8cc00026', '0', 'D351EB083EC7E8C4891CD7B25B1E274E', now(), now(), 1, 'ff808081514cd18b01514cea84da0021', '51C849B7BD0911E4A564BC5FF4671DB4', 'updated', 'DATE', 50, 0, 1, 'DATABASE)');
INSERT INTO ad_column (id_column, id_client, id_module, created, updated, active, id_table, id_reference, name, ctype, seqno, primary_key, mandatory, csource) VALUES ('ff808081514cd18b01514cea8cc90027', '0', 'D351EB083EC7E8C4891CD7B25B1E274E', now(), now(), 1, 'ff808081514cd18b01514cea84da0021', '62F56A31BD0911E4A564BC5FF4671DB4', 'active', 'BOOLEAN', 60, 0, 1, 'DATABASE)');
INSERT INTO ad_column (id_column, id_client, id_module, created, updated, active, id_table, id_reference, name, ctype, seqno, primary_key, mandatory, csource) VALUES ('ff8080815152c6ea0151532554510001', '0', 'D351EB083EC7E8C4891CD7B25B1E274E', now(), now(), 1, 'ff8080815152c6ea0151532548810000', '56F03512BD0811E4A564BC5FF4671DB4', 'id_process_output', 'STRING', 10, 1, 1, 'DATABASE)');
INSERT INTO ad_column (id_column, id_client, id_module, created, updated, active, id_table, id_reference, name, ctype, seqno, primary_key, mandatory, csource) VALUES ('ff8080815152c6ea0151532554670002', '0', 'D351EB083EC7E8C4891CD7B25B1E274E', now(), now(), 1, 'ff8080815152c6ea0151532548810000', 'A05ACA9B2E1A435CA2829CD738279503', 'id_client', 'STRING', 20, 0, 1, 'DATABASE)');
INSERT INTO ad_column (id_column, id_client, id_module, created, updated, active, id_table, id_reference, name, ctype, seqno, primary_key, mandatory, csource) VALUES ('ff8080815152c6ea01515325546f0003', '0', 'D351EB083EC7E8C4891CD7B25B1E274E', now(), now(), 1, 'ff8080815152c6ea0151532548810000', 'A05ACA9B2E1A435CA2829CD738279503', 'id_module', 'STRING', 30, 0, 1, 'DATABASE)');
INSERT INTO ad_column (id_column, id_client, id_module, created, updated, active, id_table, id_reference, name, ctype, seqno, primary_key, mandatory, csource) VALUES ('ff8080815152c6ea0151532554780004', '0', 'D351EB083EC7E8C4891CD7B25B1E274E', now(), now(), 1, 'ff8080815152c6ea0151532548810000', '51C849B7BD0911E4A564BC5FF4671DB4', 'created', 'DATE', 40, 0, 1, 'DATABASE)');
INSERT INTO ad_column (id_column, id_client, id_module, created, updated, active, id_table, id_reference, name, ctype, seqno, primary_key, mandatory, csource) VALUES ('ff8080815152c6ea0151532554810005', '0', 'D351EB083EC7E8C4891CD7B25B1E274E', now(), now(), 1, 'ff8080815152c6ea0151532548810000', '51C849B7BD0911E4A564BC5FF4671DB4', 'updated', 'DATE', 50, 0, 1, 'DATABASE)');
INSERT INTO ad_column (id_column, id_client, id_module, created, updated, active, id_table, id_reference, name, ctype, seqno, primary_key, mandatory, csource) VALUES ('ff8080815152c6ea0151532554880006', '0', 'D351EB083EC7E8C4891CD7B25B1E274E', now(), now(), 1, 'ff8080815152c6ea0151532548810000', '62F56A31BD0911E4A564BC5FF4671DB4', 'active', 'BOOLEAN', 60, 0, 1, 'DATABASE)');
INSERT INTO ad_column (id_column, id_client, id_module, created, updated, active, id_table, id_reference, name, ctype, seqno, primary_key, mandatory, csource) VALUES ('ff8080815152c6ea0151532554930007', '0', 'D351EB083EC7E8C4891CD7B25B1E274E', now(), now(), 1, 'ff8080815152c6ea0151532548810000', '036E0E7D12294B0D9EB574261739EA5C', 'otype', 'STRING', 70, 0, 1, 'DATABASE)');
INSERT INTO ad_column (id_column, id_client, id_module, created, updated, active, id_table, id_reference, name, ctype, seqno, primary_key, mandatory, csource) VALUES ('ff8080815152c6ea01515325549c0008', '0', 'D351EB083EC7E8C4891CD7B25B1E274E', now(), now(), 1, 'ff8080815152c6ea0151532548810000', '56F03512BD0811E4A564BC5FF4671DB4', 'server', 'STRING', 80, 0, 0, 'DATABASE)');
INSERT INTO ad_column (id_column, id_client, id_module, created, updated, active, id_table, id_reference, name, ctype, seqno, primary_key, mandatory, csource) VALUES ('ff8080815152c6ea0151532554a40009', '0', 'D351EB083EC7E8C4891CD7B25B1E274E', now(), now(), 1, 'ff8080815152c6ea0151532548810000', '56F03512BD0811E4A564BC5FF4671DB4', 'username', 'STRING', 90, 0, 0, 'DATABASE)');
INSERT INTO ad_column (id_column, id_client, id_module, created, updated, active, id_table, id_reference, name, ctype, seqno, primary_key, mandatory, csource) VALUES ('ff8080815152c6ea0151532554ab000a', '0', 'D351EB083EC7E8C4891CD7B25B1E274E', now(), now(), 1, 'ff8080815152c6ea0151532548810000', '56F03512BD0811E4A564BC5FF4671DB4', 'password', 'STRING', 100, 0, 0, 'DATABASE)');
INSERT INTO ad_column (id_column, id_client, id_module, created, updated, active, id_table, id_reference, name, ctype, seqno, primary_key, mandatory, csource) VALUES ('ff8080815152c6ea0151532554b4000b', '0', 'D351EB083EC7E8C4891CD7B25B1E274E', now(), now(), 1, 'ff8080815152c6ea0151532548810000', '3E8D4539BD0811E4A564BC5FF4671DB4', 'port', 'INTEGER', 110, 0, 0, 'DATABASE)');
INSERT INTO ad_column (id_column, id_client, id_module, created, updated, active, id_table, id_reference, name, ctype, seqno, primary_key, mandatory, csource) VALUES ('ff8080815152c6ea0151532554bb000c', '0', 'D351EB083EC7E8C4891CD7B25B1E274E', now(), now(), 1, 'ff8080815152c6ea0151532548810000', '56F03512BD0811E4A564BC5FF4671DB4', 'file_path', 'STRING', 120, 0, 0, 'DATABASE)');
INSERT INTO ad_column (id_column, id_client, id_module, created, updated, active, id_table, id_reference, name, ctype, seqno, primary_key, mandatory, csource) VALUES ('ff8080815152c6ea0151532554c1000d', '0', 'D351EB083EC7E8C4891CD7B25B1E274E', now(), now(), 1, 'ff8080815152c6ea0151532548810000', '56F03512BD0811E4A564BC5FF4671DB4', 'file_prefix', 'STRING', 130, 0, 0, 'DATABASE)');
INSERT INTO ad_column (id_column, id_client, id_module, created, updated, active, id_table, id_reference, name, ctype, seqno, primary_key, mandatory, csource) VALUES ('ff8080815152c6ea0151532554c8000e', '0', 'D351EB083EC7E8C4891CD7B25B1E274E', now(), now(), 1, 'ff8080815152c6ea0151532548810000', '56F03512BD0811E4A564BC5FF4671DB4', 'file_ext', 'STRING', 140, 0, 0, 'DATABASE)');
INSERT INTO ad_column (id_column, id_client, id_module, created, updated, active, id_table, id_reference, name, ctype, seqno, primary_key, mandatory, csource) VALUES ('ff8080815152c6ea0151532554d0000f', '0', 'D351EB083EC7E8C4891CD7B25B1E274E', now(), now(), 1, 'ff8080815152c6ea0151532548810000', '56F03512BD0811E4A564BC5FF4671DB4', 'file_time_fmt', 'STRING', 150, 0, 0, 'DATABASE)');
INSERT INTO ad_column (id_column, id_client, id_module, created, updated, active, id_table, id_reference, name, ctype, seqno, primary_key, mandatory, csource) VALUES ('ff8080815152c6ea0151532b298d0010', '0', 'D351EB083EC7E8C4891CD7B25B1E274E', now(), now(), 1, 'ff8080815149fdd001514a37be7d0014', '56F03512BD0811E4A564BC5FF4671DB4', 'icon', 'STRING', 110, 0, 0, 'DATABASE)');
INSERT INTO ad_column (id_column, id_client, id_module, created, updated, active, id_table, id_reference, name, ctype, seqno, primary_key, mandatory, csource) VALUES ('ff808081515720760151577eafe10001', '0', 'D351EB083EC7E8C4891CD7B25B1E274E', now(), now(), 1, 'ff808081515720760151577ea3630000', '56F03512BD0811E4A564BC5FF4671DB4', 'id_val_rule', 'STRING', 10, 1, 1, 'DATABASE)');
INSERT INTO ad_column (id_column, id_client, id_module, created, updated, active, id_table, id_reference, name, ctype, seqno, primary_key, mandatory, csource) VALUES ('ff808081515720760151577eafec0002', '0', 'D351EB083EC7E8C4891CD7B25B1E274E', now(), now(), 1, 'ff808081515720760151577ea3630000', 'A05ACA9B2E1A435CA2829CD738279503', 'id_client', 'STRING', 20, 0, 1, 'DATABASE)');
INSERT INTO ad_column (id_column, id_client, id_module, created, updated, active, id_table, id_reference, name, ctype, seqno, primary_key, mandatory, csource) VALUES ('ff808081515720760151577eaff20003', '0', 'D351EB083EC7E8C4891CD7B25B1E274E', now(), now(), 1, 'ff808081515720760151577ea3630000', 'A05ACA9B2E1A435CA2829CD738279503', 'id_module', 'STRING', 30, 0, 1, 'DATABASE)');
INSERT INTO ad_column (id_column, id_client, id_module, created, updated, active, id_table, id_reference, name, ctype, seqno, primary_key, mandatory, csource) VALUES ('ff808081515720760151577eaffa0004', '0', 'D351EB083EC7E8C4891CD7B25B1E274E', now(), now(), 1, 'ff808081515720760151577ea3630000', '51C849B7BD0911E4A564BC5FF4671DB4', 'created', 'DATE', 40, 0, 1, 'DATABASE)');
INSERT INTO ad_column (id_column, id_client, id_module, created, updated, active, id_table, id_reference, name, ctype, seqno, primary_key, mandatory, csource) VALUES ('ff808081515720760151577eb0000005', '0', 'D351EB083EC7E8C4891CD7B25B1E274E', now(), now(), 1, 'ff808081515720760151577ea3630000', '51C849B7BD0911E4A564BC5FF4671DB4', 'updated', 'DATE', 50, 0, 1, 'DATABASE)');
INSERT INTO ad_column (id_column, id_client, id_module, created, updated, active, id_table, id_reference, name, ctype, seqno, primary_key, mandatory, csource) VALUES ('ff808081515720760151577eb0070006', '0', 'D351EB083EC7E8C4891CD7B25B1E274E', now(), now(), 1, 'ff808081515720760151577ea3630000', '62F56A31BD0911E4A564BC5FF4671DB4', 'active', 'BOOLEAN', 60, 0, 1, 'DATABASE)');
INSERT INTO ad_column (id_column, id_client, id_module, created, updated, active, id_table, id_reference, name, ctype, seqno, primary_key, mandatory, csource) VALUES ('ff808081515720760151577eb00f0007', '0', 'D351EB083EC7E8C4891CD7B25B1E274E', now(), now(), 1, 'ff808081515720760151577ea3630000', '56F03512BD0811E4A564BC5FF4671DB4', 'name', 'STRING', 70, 0, 1, 'DATABASE)');
INSERT INTO ad_column (id_column, id_client, id_module, created, updated, active, id_table, id_reference, name, ctype, seqno, primary_key, mandatory, csource) VALUES ('ff808081515720760151577eb0160008', '0', 'D351EB083EC7E8C4891CD7B25B1E274E', now(), now(), 1, 'ff808081515720760151577ea3630000', '56F03512BD0811E4A564BC5FF4671DB4', 'description', 'STRING', 80, 0, 0, 'DATABASE)');
INSERT INTO ad_column (id_column, id_client, id_module, created, updated, active, id_table, id_reference, name, ctype, seqno, primary_key, mandatory, csource) VALUES ('ff808081515720760151577eb0220009', '0', 'D351EB083EC7E8C4891CD7B25B1E274E', now(), now(), 1, 'ff808081515720760151577ea3630000', '036E0E7D12294B0D9EB574261739EA5C', 'vtype', 'STRING', 90, 0, 1, 'DATABASE)');
INSERT INTO ad_column (id_column, id_client, id_module, created, updated, active, id_table, id_reference, name, ctype, seqno, primary_key, mandatory, csource) VALUES ('ff808081515720760151577eb02a000a', '0', 'D351EB083EC7E8C4891CD7B25B1E274E', now(), now(), 1, 'ff808081515720760151577ea3630000', '56F03512BD0811E4A564BC5FF4671DB4', 'code', 'STRING', 100, 0, 0, 'DATABASE)');
INSERT INTO ad_column (id_column, id_client, id_module, created, updated, active, id_table, id_reference, name, ctype, seqno, primary_key, mandatory, csource) VALUES ('ff808081515720760151577eb02a000b', '0', 'D351EB083EC7E8C4891CD7B25B1E274E', now(), now(), 1, 'ff808081515720760151577ea3630000', '56F03512BD0811E4A564BC5FF4671DB4', 'errormsg', 'STRING', 110, 0, 0, 'DATABASE)');
INSERT INTO ad_column (id_column, id_client, id_module, created, updated, active, id_table, id_reference, name, ctype, seqno, primary_key, mandatory, csource) VALUES ('ff8080815166c255015166f298020000', '0', 'D351EB083EC7E8C4891CD7B25B1E274E', now(), now(), 1, 'ff80808150dba1800150dbbff03d0045', '036E0E7D12294B0D9EB574261739EA5C', 'ptype', 'STRING', 170, 0, 1, 'DATABASE)');
INSERT INTO ad_column (id_column, id_client, id_module, created, updated, active, id_table, id_reference, name, ctype, seqno, primary_key, mandatory, csource) VALUES ('ff808081516bd22e01516c1b8ab10000', '0', 'D351EB083EC7E8C4891CD7B25B1E274E', now(), now(), 1, 'ff808081514cd18b01514cd89cfb0000', 'A05ACA9B2E1A435CA2829CD738279502', 'id_process', 'STRING', 110, 0, 1, 'DATABASE)');
INSERT INTO ad_column (id_column, id_client, id_module, created, updated, active, id_table, id_reference, name, ctype, seqno, primary_key, mandatory, csource) VALUES ('ff808081516bd22e01516c1bd8ac0001', '0', 'D351EB083EC7E8C4891CD7B25B1E274E', now(), now(), 1, 'ff808081514cd18b01514ce7b60f0018', 'A05ACA9B2E1A435CA2829CD738279502', 'id_process_exec', 'STRING', 90, 0, 1, 'DATABASE)');
INSERT INTO ad_column (id_column, id_client, id_module, created, updated, active, id_table, id_reference, name, ctype, seqno, primary_key, mandatory, csource) VALUES ('ff808081516bd22e01516c1c03320002', '0', 'D351EB083EC7E8C4891CD7B25B1E274E', now(), now(), 1, 'ff8080815152c6ea0151532548810000', 'A05ACA9B2E1A435CA2829CD738279502', 'id_process', 'STRING', 160, 0, 1, 'DATABASE)');
INSERT INTO ad_column (id_column, id_client, id_module, created, updated, active, id_table, id_reference, name, ctype, seqno, primary_key, mandatory, csource) VALUES ('ff808081516df0fb01516df8ed590004', '0', 'D351EB083EC7E8C4891CD7B25B1E274E', now(), now(), 1, 'ff80808150dba1800150dbbff03d0045', '56F03512BD0811E4A564BC5FF4671DB4', 'valuedefault', 'STRING', 180, 0, 0, 'DATABASE)');
INSERT INTO ad_column (id_column, id_client, id_module, created, updated, active, id_table, id_reference, name, ctype, seqno, primary_key, mandatory, csource) VALUES ('ff808081518a697801518a80bf9a0044', '0', 'D351EB083EC7E8C4891CD7B25B1E274E', now(), now(), 1, 'ff80808150dba1800150dbbb9631002f', '62F56A31BD0911E4A564BC5FF4671DB4', 'showinparams', 'BOOLEAN', 220, 0, 1, 'DATABASE)');
INSERT INTO ad_column (id_column, id_client, id_module, created, updated, active, id_table, id_reference, name, ctype, seqno, primary_key, mandatory, csource) VALUES ('ff808081518a697801518a8165a50045', '0', 'D351EB083EC7E8C4891CD7B25B1E274E', now(), now(), 1, 'ff80808150dba1800150dbbff03d0045', '56F03512BD0811E4A564BC5FF4671DB4', 'caption', 'STRING', 190, 0, 1, 'DATABASE)');
INSERT INTO ad_column (id_column, id_client, id_module, created, updated, active, id_table, id_reference, name, ctype, seqno, primary_key, mandatory, csource) VALUES ('ff80808151b109bd0151b12547af0001', '0', 'D351EB083EC7E8C4891CD7B25B1E274E', now(), now(), 1, 'ff80808150f4d9e70150f4dd7b0d0001', '56F03512BD0811E4A564BC5FF4671DB4', 'id_preference', 'STRING', 10, 1, 1, 'DATABASE)');
INSERT INTO ad_column (id_column, id_client, id_module, created, updated, active, id_table, id_reference, name, ctype, seqno, primary_key, mandatory, csource) VALUES ('ff80808151b109bd0151b12547ce0002', '0', 'D351EB083EC7E8C4891CD7B25B1E274E', now(), now(), 1, 'ff80808150f4d9e70150f4dd7b0d0001', '56F03512BD0811E4A564BC5FF4671DB4', 'id_client', 'STRING', 20, 0, 1, 'DATABASE)');
INSERT INTO ad_column (id_column, id_client, id_module, created, updated, active, id_table, id_reference, name, ctype, seqno, primary_key, mandatory, csource) VALUES ('ff80808151b109bd0151b12547d50003', '0', 'D351EB083EC7E8C4891CD7B25B1E274E', now(), now(), 1, 'ff80808150f4d9e70150f4dd7b0d0001', '56F03512BD0811E4A564BC5FF4671DB4', 'id_module', 'STRING', 30, 0, 1, 'DATABASE)');
INSERT INTO ad_column (id_column, id_client, id_module, created, updated, active, id_table, id_reference, name, ctype, seqno, primary_key, mandatory, csource) VALUES ('ff80808151b109bd0151b12547de0004', '0', 'D351EB083EC7E8C4891CD7B25B1E274E', now(), now(), 1, 'ff80808150f4d9e70150f4dd7b0d0001', '51C849B7BD0911E4A564BC5FF4671DB4', 'created', 'DATE', 40, 0, 1, 'DATABASE)');
INSERT INTO ad_column (id_column, id_client, id_module, created, updated, active, id_table, id_reference, name, ctype, seqno, primary_key, mandatory, csource) VALUES ('ff80808151b109bd0151b12547e50005', '0', 'D351EB083EC7E8C4891CD7B25B1E274E', now(), now(), 1, 'ff80808150f4d9e70150f4dd7b0d0001', '51C849B7BD0911E4A564BC5FF4671DB4', 'updated', 'DATE', 50, 0, 1, 'DATABASE)');
INSERT INTO ad_column (id_column, id_client, id_module, created, updated, active, id_table, id_reference, name, ctype, seqno, primary_key, mandatory, csource) VALUES ('ff80808151b109bd0151b12547ee0006', '0', 'D351EB083EC7E8C4891CD7B25B1E274E', now(), now(), 1, 'ff80808150f4d9e70150f4dd7b0d0001', '62F56A31BD0911E4A564BC5FF4671DB4', 'active', 'BOOLEAN', 60, 0, 1, 'DATABASE)');
INSERT INTO ad_column (id_column, id_client, id_module, created, updated, active, id_table, id_reference, name, ctype, seqno, primary_key, mandatory, csource) VALUES ('ff80808151b109bd0151b12547f90007', '0', 'D351EB083EC7E8C4891CD7B25B1E274E', now(), now(), 1, 'ff80808150f4d9e70150f4dd7b0d0001', '56F03512BD0811E4A564BC5FF4671DB4', 'name', 'STRING', 70, 0, 1, 'DATABASE)');
INSERT INTO ad_column (id_column, id_client, id_module, created, updated, active, id_table, id_reference, name, ctype, seqno, primary_key, mandatory, csource) VALUES ('ff80808151b109bd0151b12548050008', '0', 'D351EB083EC7E8C4891CD7B25B1E274E', now(), now(), 1, 'ff80808150f4d9e70150f4dd7b0d0001', '56F03512BD0811E4A564BC5FF4671DB4', 'value', 'STRING', 80, 0, 0, 'DATABASE)');
INSERT INTO ad_column (id_column, id_client, id_module, created, updated, active, id_table, id_reference, name, ctype, seqno, primary_key, mandatory, csource) VALUES ('ff80808151b109bd0151b12548100009', '0', 'D351EB083EC7E8C4891CD7B25B1E274E', now(), now(), 1, 'ff80808150f4d9e70150f4dd7b0d0001', '56F03512BD0811E4A564BC5FF4671DB4', 'property', 'STRING', 90, 0, 0, 'DATABASE)');
INSERT INTO ad_column (id_column, id_client, id_module, created, updated, active, id_table, id_reference, name, ctype, seqno, primary_key, mandatory, csource) VALUES ('ff80808151b109bd0151b125481b000a', '0', 'D351EB083EC7E8C4891CD7B25B1E274E', now(), now(), 1, 'ff80808150f4d9e70150f4dd7b0d0001', '56F03512BD0811E4A564BC5FF4671DB4', 'visibleat_id_client', 'STRING', 100, 0, 0, 'DATABASE)');
INSERT INTO ad_column (id_column, id_client, id_module, created, updated, active, id_table, id_reference, name, ctype, seqno, primary_key, mandatory, csource) VALUES ('ff80808151b109bd0151b1254825000b', '0', 'D351EB083EC7E8C4891CD7B25B1E274E', now(), now(), 1, 'ff80808150f4d9e70150f4dd7b0d0001', '56F03512BD0811E4A564BC5FF4671DB4', 'visibleat_id_role', 'STRING', 110, 0, 0, 'DATABASE)');
INSERT INTO ad_column (id_column, id_client, id_module, created, updated, active, id_table, id_reference, name, ctype, seqno, primary_key, mandatory, csource) VALUES ('ff80808151b109bd0151b125482f000c', '0', 'D351EB083EC7E8C4891CD7B25B1E274E', now(), now(), 1, 'ff80808150f4d9e70150f4dd7b0d0001', '56F03512BD0811E4A564BC5FF4671DB4', 'visibleat_id_user', 'STRING', 120, 0, 0, 'DATABASE)');
INSERT INTO ad_column (id_column, id_client, id_module, created, updated, active, id_table, id_reference, name, ctype, seqno, primary_key, mandatory, csource) VALUES ('ff80808151b109bd0151b12e9429000d', '0', 'D351EB083EC7E8C4891CD7B25B1E274E', now(), now(), 1, 'ff80808150f4d9e70150f4dd7b0d0002', '56F03512BD0811E4A564BC5FF4671DB4', 'id_secuence', 'STRING', 10, 1, 1, 'DATABASE)');
INSERT INTO ad_column (id_column, id_client, id_module, created, updated, active, id_table, id_reference, name, ctype, seqno, primary_key, mandatory, csource) VALUES ('ff80808151b109bd0151b12e9434000e', '0', 'D351EB083EC7E8C4891CD7B25B1E274E', now(), now(), 1, 'ff80808150f4d9e70150f4dd7b0d0002', '56F03512BD0811E4A564BC5FF4671DB4', 'id_client', 'STRING', 20, 0, 1, 'DATABASE)');
INSERT INTO ad_column (id_column, id_client, id_module, created, updated, active, id_table, id_reference, name, ctype, seqno, primary_key, mandatory, csource) VALUES ('ff80808151b109bd0151b12e943c000f', '0', 'D351EB083EC7E8C4891CD7B25B1E274E', now(), now(), 1, 'ff80808150f4d9e70150f4dd7b0d0002', '51C849B7BD0911E4A564BC5FF4671DB4', 'created', 'DATE', 30, 0, 1, 'DATABASE)');
INSERT INTO ad_column (id_column, id_client, id_module, created, updated, active, id_table, id_reference, name, ctype, seqno, primary_key, mandatory, csource) VALUES ('ff80808151b109bd0151b12e94430010', '0', 'D351EB083EC7E8C4891CD7B25B1E274E', now(), now(), 1, 'ff80808150f4d9e70150f4dd7b0d0002', '51C849B7BD0911E4A564BC5FF4671DB4', 'updated', 'DATE', 40, 0, 1, 'DATABASE)');
INSERT INTO ad_column (id_column, id_client, id_module, created, updated, active, id_table, id_reference, name, ctype, seqno, primary_key, mandatory, csource) VALUES ('ff80808151b109bd0151b12e944a0011', '0', 'D351EB083EC7E8C4891CD7B25B1E274E', now(), now(), 1, 'ff80808150f4d9e70150f4dd7b0d0002', '62F56A31BD0911E4A564BC5FF4671DB4', 'active', 'BOOLEAN', 50, 0, 1, 'DATABASE)');
INSERT INTO ad_column (id_column, id_client, id_module, created, updated, active, id_table, id_reference, name, ctype, seqno, primary_key, mandatory, csource) VALUES ('ff80808151b109bd0151b12e94510012', '0', 'D351EB083EC7E8C4891CD7B25B1E274E', now(), now(), 1, 'ff80808150f4d9e70150f4dd7b0d0002', '56F03512BD0811E4A564BC5FF4671DB4', 'name', 'STRING', 60, 0, 1, 'DATABASE)');
INSERT INTO ad_column (id_column, id_client, id_module, created, updated, active, id_table, id_reference, name, ctype, seqno, primary_key, mandatory, csource) VALUES ('ff80808151b109bd0151b12e945c0013', '0', 'D351EB083EC7E8C4891CD7B25B1E274E', now(), now(), 1, 'ff80808150f4d9e70150f4dd7b0d0002', '56F03512BD0811E4A564BC5FF4671DB4', 'description', 'STRING', 70, 0, 0, 'DATABASE)');
INSERT INTO ad_column (id_column, id_client, id_module, created, updated, active, id_table, id_reference, name, ctype, seqno, primary_key, mandatory, csource) VALUES ('ff80808151b109bd0151b12e94630014', '0', 'D351EB083EC7E8C4891CD7B25B1E274E', now(), now(), 1, 'ff80808150f4d9e70150f4dd7b0d0002', '3E8D4539BD0811E4A564BC5FF4671DB4', 'incrementno', 'INTEGER', 80, 0, 1, 'DATABASE)');
INSERT INTO ad_column (id_column, id_client, id_module, created, updated, active, id_table, id_reference, name, ctype, seqno, primary_key, mandatory, csource) VALUES ('ff80808151b109bd0151b12e946b0015', '0', 'D351EB083EC7E8C4891CD7B25B1E274E', now(), now(), 1, 'ff80808150f4d9e70150f4dd7b0d0002', '3E8D4539BD0811E4A564BC5FF4671DB4', 'startno', 'INTEGER', 90, 0, 1, 'DATABASE)');
INSERT INTO ad_column (id_column, id_client, id_module, created, updated, active, id_table, id_reference, name, ctype, seqno, primary_key, mandatory, csource) VALUES ('ff80808151b109bd0151b12e94750016', '0', 'D351EB083EC7E8C4891CD7B25B1E274E', now(), now(), 1, 'ff80808150f4d9e70150f4dd7b0d0002', '3E8D4539BD0811E4A564BC5FF4671DB4', 'currentnext', 'INTEGER', 100, 0, 1, 'DATABASE)');
INSERT INTO ad_column (id_column, id_client, id_module, created, updated, active, id_table, id_reference, name, ctype, seqno, primary_key, mandatory, csource) VALUES ('ff80808151b109bd0151b12e947d0017', '0', 'D351EB083EC7E8C4891CD7B25B1E274E', now(), now(), 1, 'ff80808150f4d9e70150f4dd7b0d0002', '56F03512BD0811E4A564BC5FF4671DB4', 'prefix', 'STRING', 110, 0, 0, 'DATABASE)');
INSERT INTO ad_column (id_column, id_client, id_module, created, updated, active, id_table, id_reference, name, ctype, seqno, primary_key, mandatory, csource) VALUES ('ff80808151b109bd0151b12e94840018', '0', 'D351EB083EC7E8C4891CD7B25B1E274E', now(), now(), 1, 'ff80808150f4d9e70150f4dd7b0d0002', '56F03512BD0811E4A564BC5FF4671DB4', 'suffix', 'STRING', 120, 0, 0, 'DATABASE)');
INSERT INTO ad_column (id_column, id_client, id_module, created, updated, active, id_table, id_reference, name, ctype, seqno, primary_key, mandatory, csource) VALUES ('ff80808151bef4eb0151bef589ca000d', '0', 'D351EB083EC7E8C4891CD7B25B1E274E', now(), now(), 1, 'ff808081515720760151577ea3630000', '56F03512BD0811E4A564BC5FF4671DB4', 'classname', 'STRING', 120, 0, 0, 'DATABASE)');

INSERT INTO ad_role (id_role, id_client, created, updated, active, name, description) VALUES ('2581CC6081FDC2850360B47F3BFD4636', '0', now(), now(), 1, 'ROL_ADMIN', 'Administrador del cliente');
INSERT INTO ad_role (id_role, id_client, created, updated, active, name, description) VALUES ('BC5737B4F3908B41193EEFCC3F1E9884', '0', now(), now(), 1, 'ROL_SYSTEM', 'Administrador del sistema');

INSERT INTO ad_privilege (id_privilege, id_client, id_module, created, updated, active, name, description) VALUES ('55B596FDC2BF17AD748A67AD15CC6091', '0', 'D351EB083EC7E8C4891CD7B25B1E274E', now(), now(), 1, 'ROLE_AD_READ', 'Privilegio de lectura en el diccionario de la app');
INSERT INTO ad_privilege (id_privilege, id_client, id_module, created, updated, active, name, description) VALUES ('8F7687259EBB5C0418E4F7459966381D', '0', 'D351EB083EC7E8C4891CD7B25B1E274E', now(), now(), 1, 'ROLE_LOGIN', 'Privilegio para hacer Login en el sistema');
INSERT INTO ad_privilege (id_privilege, id_client, id_module, created, updated, active, name, description) VALUES ('AD603380DDEF3DE7D1134CDE24825C27', '0', 'D351EB083EC7E8C4891CD7B25B1E274E', now(), now(), 1, 'ROLE_EXEC_REPORT', 'Privilegio de ejecucion de reportes');
INSERT INTO ad_privilege (id_privilege, id_client, id_module, created, updated, active, name, description) VALUES ('C5E30E194E8490B42DAB1047CDA8BAC8', '0', 'D351EB083EC7E8C4891CD7B25B1E274E', now(), now(), 1, 'ROLE_AD_WRITE', 'Privilegio de escritura en el diccionario de la app');

INSERT INTO ad_role_priv (id_role_priv, id_role, id_privilege, id_client, id_module, created, updated, active) VALUES ('267C9A05C458167687A681FF0C0766B1', '2581CC6081FDC2850360B47F3BFD4636', 'AD603380DDEF3DE7D1134CDE24825C27', '0', 'D351EB083EC7E8C4891CD7B25B1E274E', now(), now(), 1);
INSERT INTO ad_role_priv (id_role_priv, id_role, id_privilege, id_client, id_module, created, updated, active) VALUES ('5398A5125A78D418B3C874F4C3C2A382', 'BC5737B4F3908B41193EEFCC3F1E9884', '8F7687259EBB5C0418E4F7459966381D', '0', 'D351EB083EC7E8C4891CD7B25B1E274E', now(), now(), 1);
INSERT INTO ad_role_priv (id_role_priv, id_role, id_privilege, id_client, id_module, created, updated, active) VALUES ('6CA9CD2C0438D53D9B032BE72F8D52A8', '2581CC6081FDC2850360B47F3BFD4636', '55B596FDC2BF17AD748A67AD15CC6091', '0', 'D351EB083EC7E8C4891CD7B25B1E274E', now(), now(), 1);
INSERT INTO ad_role_priv (id_role_priv, id_role, id_privilege, id_client, id_module, created, updated, active) VALUES ('CDA71E9B2CAD73D8A4CD946D4F1F395D', 'BC5737B4F3908B41193EEFCC3F1E9884', 'C5E30E194E8490B42DAB1047CDA8BAC8', '0', 'D351EB083EC7E8C4891CD7B25B1E274E', now(), now(), 1);
INSERT INTO ad_role_priv (id_role_priv, id_role, id_privilege, id_client, id_module, created, updated, active) VALUES ('DE18B387277606B083F62E56349882B4', '2581CC6081FDC2850360B47F3BFD4636', '8F7687259EBB5C0418E4F7459966381D', '0', 'D351EB083EC7E8C4891CD7B25B1E274E', now(), now(), 1);
INSERT INTO ad_role_priv (id_role_priv, id_role, id_privilege, id_client, id_module, created, updated, active) VALUES ('E66E858A1C8CD79F969925648A2A625E', 'BC5737B4F3908B41193EEFCC3F1E9884', 'AD603380DDEF3DE7D1134CDE24825C27', '0', 'D351EB083EC7E8C4891CD7B25B1E274E', now(), now(), 1);
INSERT INTO ad_role_priv (id_role_priv, id_role, id_privilege, id_client, id_module, created, updated, active) VALUES ('F857155297671CC78B02BA866E54F424', 'BC5737B4F3908B41193EEFCC3F1E9884', '55B596FDC2BF17AD748A67AD15CC6091', '0', 'D351EB083EC7E8C4891CD7B25B1E274E', now(), now(), 1);

INSERT INTO ad_language (id_language, id_client, created, updated, active, name, iso_2, countrycode) VALUES ('D804EFC2B38FEEA39FA751540709D0BA', '0', now(), now(), 1, 'Español', 'es', 'es');
INSERT INTO ad_language (id_language, id_client, created, updated, active, name, iso_2, countrycode) VALUES ('EAFB0AD9977FCDADDD19A983996737FF', '0', now(), now(), 1, 'English', 'en', 'us');

INSERT INTO ad_user (id_user, id_client, created, updated, active, name, username, password, default_id_language, default_id_role) VALUES ('377B40CEEB6AEA449AF22549E10D84A5', 'C5DF0280DEE20D3D6B81F347F4EDBFFA', now(), now(), 1, 'System manager', 'system', '*', 'D804EFC2B38FEEA39FA751540709D0BA', '2581CC6081FDC2850360B47F3BFD4636');
INSERT INTO ad_user (id_user, id_client, created, updated, active, name, username, password, default_id_language, default_id_role) VALUES ('85E7CA11B91B9FA2E610CA834EBACA65', 'C5DF0280DEE20D3D6B81F347F4EDBFFA', now(), now(), 1, 'Eduardo Becerra', 'eduardo', '81dc9bdb52d04dc20036dbd8313ed055', 'D804EFC2B38FEEA39FA751540709D0BA', 'BC5737B4F3908B41193EEFCC3F1E9884');

INSERT INTO ad_user_roles (id_user_roles, id_role, id_user, id_client, created, updated, active) VALUES ('4D58B8B590B9C2A0D289F98E72E2422D', '2581CC6081FDC2850360B47F3BFD4636', '85E7CA11B91B9FA2E610CA834EBACA65', 'C5DF0280DEE20D3D6B81F347F4EDBFFA', now(), now(), 1);
INSERT INTO ad_user_roles (id_user_roles, id_role, id_user, id_client, created, updated, active) VALUES ('ADF956D36D54D3757D256929CC224723', 'BC5737B4F3908B41193EEFCC3F1E9884', '85E7CA11B91B9FA2E610CA834EBACA65', 'C5DF0280DEE20D3D6B81F347F4EDBFFA', now(), now(), 1);
INSERT INTO ad_user_roles (id_user_roles, id_role, id_user, id_client, created, updated, active) VALUES ('E1F1CD56CFF2327B44D91AA0843A6EE7', '2581CC6081FDC2850360B47F3BFD4636', '377B40CEEB6AEA449AF22549E10D84A5', 'C5DF0280DEE20D3D6B81F347F4EDBFFA', now(), now(), 1);

INSERT INTO ad_process (id_process, id_client, id_module, created, updated, active, name, ptype, classname, classmethod, background, uipattern, seqno, showinparams) VALUES ('D391EB083EC7E8C4891CD7B25B1E274E', '0', 'D351EB083EC7E8C4891CD7B25B1E274E', now(), now(), 1, 'DB - Actualizar', 'PROCESS', 'com.vincomobile.fw.core.process.DatabaseProcess', 'updateDB', 0, 'TAB', 40, 0);

INSERT INTO ad_menu (id_menu, id_client, id_module, created, updated, active, value, name, action, parent_menu, icon, seqno, id_process) VALUES ('50040403BB7B11E4B2E9BC5FF4671DB4', '0', 'D351EB083EC7E8C4891CD7B25B1E274E', now(), now(), 1, 'AD_SYSTEM', 'Sistema', 'WINDOW', null, 'fa-cogs', 1000, null);
INSERT INTO ad_menu (id_menu, id_client, id_module, created, updated, active, value, name, action, parent_menu, icon, seqno, id_process) VALUES ('63D1DE65D2374FFEB26AE06124E6F8DA', '0', 'D351EB083EC7E8C4891CD7B25B1E274E', now(), now(), 1, 'AD_SYSTEM_DB_UPDATE', 'Actualizar Database', 'PROCESS', 'AD_SYSTEM', 'fa-refresh', 200, 'D391EB083EC7E8C4891CD7B25B1E274E');

INSERT INTO ad_menu_roles (id_menu_roles, id_menu, id_role, id_client, id_module, created, updated, active) VALUES ('1B6B3117BB7C11E4B2E9BC5FF4671DB4', '50040403BB7B11E4B2E9BC5FF4671DB4', 'BC5737B4F3908B41193EEFCC3F1E9884', '0','D351EB083EC7E8C4891CD7B25B1E274E', now(), now(), 1);
INSERT INTO ad_menu_roles (id_menu_roles, id_menu, id_role, id_client, id_module, created, updated, active) VALUES ('2293A336257D40CA931098C794C18963', '63D1DE65D2374FFEB26AE06124E6F8DA', 'BC5737B4F3908B41193EEFCC3F1E9884', '0','D351EB083EC7E8C4891CD7B25B1E274E', now(), now(), 1);



DELIMITER $$

CREATE DEFINER = 'root'@'localhost'
PROCEDURE adTranslateFieldCaptions(IN idLanguage VARCHAR(255),
                                   IN idClient   VARCHAR(255)
)
  BEGIN
    SELECT t.name AS tableName
      , c.name AS columnName
      , coalesce((SELECT trans.translation
                  FROM
                    ad_translation trans
                  WHERE
                    trans.id_language = idLanguage
                    AND trans.id_table = 'ff80808151382f2a0151385c9296000d'
                    AND trans.id_column = 'ff80808151387fb201513881d0ca0003'
                    AND trans.rowkey = f.id_field
                    AND trans.id_client IN
                        ('0', idClient)
                  ORDER BY
                    trans.id_client
                  DESC
                  LIMIT
                    1), f.caption) AS translation
    FROM
      ad_field f
      JOIN ad_column c
        ON f.id_column = c.id_column
      JOIN ad_table t
        ON t.id_table = c.id_table
    ORDER BY
      t.name
      , c.name;
  END
$$

CREATE DEFINER = 'root'@'localhost'
PROCEDURE adTranslateMessage(IN idLanguage VARCHAR(255),
                             IN idClient   VARCHAR(255)
)
  BEGIN
    SELECT m.value
      , coalesce((SELECT trans.translation
                  FROM
                    ad_translation trans
                  WHERE
                    trans.id_language = idLanguage
                    AND trans.id_table = 'ff80808151382f2a0151385e92b60037'
                    AND trans.id_column = 'ff80808151382f2a0151385e97b7003f'
                    AND trans.rowkey = m.id_message
                    AND trans.id_client IN
                        ('0', idClient)
                  ORDER BY
                    trans.id_client
                  DESC
                  LIMIT
                    1), m.msgtext) AS translation
    FROM
      ad_message m
    ORDER BY
      m.value;
  END
$$

CREATE DEFINER = 'root'@'localhost'
PROCEDURE adTranslateProcessParam(IN idLanguage VARCHAR(255),
                                  IN idClient   VARCHAR(255)
)
  BEGIN
    SELECT pp.name AS value
      , coalesce((SELECT trans.translation
                  FROM
                    ad_translation trans
                  WHERE
                    trans.id_language = idLanguage
                    AND trans.id_table = 'ff80808150dba1800150dbbff03d0045'
                    AND trans.id_column = 'ff808081518a697801518a8165a50045'
                    AND trans.rowkey = pp.id_process_param
                    AND trans.id_client IN
                        ('0', idClient)
                  ORDER BY
                    trans.id_client
                  DESC
                  LIMIT
                    1), pp.caption) AS translation
    FROM
      ad_process_param pp
    ORDER BY
      pp.name;
  END
$$
